fecha,fecha,hits
0,2018-07-09T20:00:00.000+02:00,27819
1,2018-07-09T21:00:00.000+02:00,234398
2,2018-07-09T22:00:00.000+02:00,254008
3,2018-07-09T23:00:00.000+02:00,227201
4,2018-07-10T00:00:00.000+02:00,145416
5,2018-07-10T01:00:00.000+02:00,75404
6,2018-07-10T02:00:00.000+02:00,48667
7,2018-07-10T03:00:00.000+02:00,42214
8,2018-07-10T04:00:00.000+02:00,44830
9,2018-07-10T05:00:00.000+02:00,52029
10,2018-07-10T06:00:00.000+02:00,72170
11,2018-07-10T07:00:00.000+02:00,102613
12,2018-07-10T08:00:00.000+02:00,138378
13,2018-07-10T09:00:00.000+02:00,159862
14,2018-07-10T10:00:00.000+02:00,163640
15,2018-07-10T11:00:00.000+02:00,165224
16,2018-07-10T12:00:00.000+02:00,168309
17,2018-07-10T13:00:00.000+02:00,175265
18,2018-07-10T14:00:00.000+02:00,175383
19,2018-07-10T15:00:00.000+02:00,182068
20,2018-07-10T16:00:00.000+02:00,209193
21,2018-07-10T17:00:00.000+02:00,192588
22,2018-07-10T18:00:00.000+02:00,180581
23,2018-07-10T19:00:00.000+02:00,155795
24,2018-07-10T20:00:00.000+02:00,32291
25,2018-07-10T21:00:00.000+02:00,247586
26,2018-07-10T22:00:00.000+02:00,249055
27,2018-07-10T23:00:00.000+02:00,218325
28,2018-07-11T00:00:00.000+02:00,141462
29,2018-07-11T01:00:00.000+02:00,75004
30,2018-07-11T02:00:00.000+02:00,50398
31,2018-07-11T03:00:00.000+02:00,43771
32,2018-07-11T04:00:00.000+02:00,45186
33,2018-07-11T05:00:00.000+02:00,55377
34,2018-07-11T06:00:00.000+02:00,72505
35,2018-07-11T07:00:00.000+02:00,119380
36,2018-07-11T08:00:00.000+02:00,148072
37,2018-07-11T09:00:00.000+02:00,198402
38,2018-07-11T10:00:00.000+02:00,399778
39,2018-07-11T11:00:00.000+02:00,351827
40,2018-07-11T12:00:00.000+02:00,275543
41,2018-07-11T13:00:00.000+02:00,259822
42,2018-07-11T14:00:00.000+02:00,238788
43,2018-07-11T15:00:00.000+02:00,247816
44,2018-07-11T16:00:00.000+02:00,257305
45,2018-07-11T17:00:00.000+02:00,235462
46,2018-07-11T18:00:00.000+02:00,223307
47,2018-07-11T19:00:00.000+02:00,187449
48,2018-07-11T20:00:00.000+02:00,36207
49,2018-07-11T21:00:00.000+02:00,284235
50,2018-07-11T22:00:00.000+02:00,288736
51,2018-07-11T23:00:00.000+02:00,251653
52,2018-07-12T00:00:00.000+02:00,168174
53,2018-07-12T01:00:00.000+02:00,90233
54,2018-07-12T02:00:00.000+02:00,61160
55,2018-07-12T03:00:00.000+02:00,58101
56,2018-07-12T04:00:00.000+02:00,55758
57,2018-07-12T05:00:00.000+02:00,68755
58,2018-07-12T06:00:00.000+02:00,106249
59,2018-07-12T07:00:00.000+02:00,146874
60,2018-07-12T08:00:00.000+02:00,185678
61,2018-07-12T09:00:00.000+02:00,207217
62,2018-07-12T10:00:00.000+02:00,225105
63,2018-07-12T11:00:00.000+02:00,453572
64,2018-07-12T12:00:00.000+02:00,362547
65,2018-07-12T13:00:00.000+02:00,307262
66,2018-07-12T14:00:00.000+02:00,271421
67,2018-07-12T15:00:00.000+02:00,289650
68,2018-07-12T16:00:00.000+02:00,304178
69,2018-07-12T17:00:00.000+02:00,264574
70,2018-07-12T18:00:00.000+02:00,246872
71,2018-07-12T19:00:00.000+02:00,205325
72,2018-07-12T20:00:00.000+02:00,36103
73,2018-07-12T21:00:00.000+02:00,284013
74,2018-07-12T22:00:00.000+02:00,301307
75,2018-07-12T23:00:00.000+02:00,272312
76,2018-07-13T00:00:00.000+02:00,173292
77,2018-07-13T01:00:00.000+02:00,96860
78,2018-07-13T02:00:00.000+02:00,61301
79,2018-07-13T03:00:00.000+02:00,55480
80,2018-07-13T04:00:00.000+02:00,55786
81,2018-07-13T05:00:00.000+02:00,63046
82,2018-07-13T06:00:00.000+02:00,88934
83,2018-07-13T07:00:00.000+02:00,121707
84,2018-07-13T08:00:00.000+02:00,156684
85,2018-07-13T09:00:00.000+02:00,177550
86,2018-07-13T10:00:00.000+02:00,188720
87,2018-07-13T11:00:00.000+02:00,191246
88,2018-07-13T12:00:00.000+02:00,184070
89,2018-07-13T13:00:00.000+02:00,177495
90,2018-07-13T14:00:00.000+02:00,186665
91,2018-07-13T15:00:00.000+02:00,202708
92,2018-07-13T16:00:00.000+02:00,226721
93,2018-07-13T17:00:00.000+02:00,217165
94,2018-07-13T18:00:00.000+02:00,196192
95,2018-07-13T19:00:00.000+02:00,161628
96,2018-07-13T20:00:00.000+02:00,28951
97,2018-07-13T21:00:00.000+02:00,214671
98,2018-07-13T22:00:00.000+02:00,218310
99,2018-07-13T23:00:00.000+02:00,211492
100,2018-07-14T00:00:00.000+02:00,151075
101,2018-07-14T01:00:00.000+02:00,89630
102,2018-07-14T02:00:00.000+02:00,58109
103,2018-07-14T03:00:00.000+02:00,43064
104,2018-07-14T04:00:00.000+02:00,44083
105,2018-07-14T05:00:00.000+02:00,55148
106,2018-07-14T06:00:00.000+02:00,80158
107,2018-07-14T07:00:00.000+02:00,107783
108,2018-07-14T08:00:00.000+02:00,133752
109,2018-07-14T09:00:00.000+02:00,156210
110,2018-07-14T10:00:00.000+02:00,159147
111,2018-07-14T11:00:00.000+02:00,157116
112,2018-07-14T12:00:00.000+02:00,158291
113,2018-07-14T13:00:00.000+02:00,154408
114,2018-07-14T14:00:00.000+02:00,161479
115,2018-07-14T15:00:00.000+02:00,174823
116,2018-07-14T16:00:00.000+02:00,190883
117,2018-07-14T17:00:00.000+02:00,202919
118,2018-07-14T18:00:00.000+02:00,181667
119,2018-07-14T19:00:00.000+02:00,151959
120,2018-07-14T20:00:00.000+02:00,24735
121,2018-07-14T21:00:00.000+02:00,187816
122,2018-07-14T22:00:00.000+02:00,200262
123,2018-07-14T23:00:00.000+02:00,189375
124,2018-07-15T00:00:00.000+02:00,138156
125,2018-07-15T01:00:00.000+02:00,85582
126,2018-07-15T02:00:00.000+02:00,57062
127,2018-07-15T03:00:00.000+02:00,40654
128,2018-07-15T04:00:00.000+02:00,40183
129,2018-07-15T05:00:00.000+02:00,45263
130,2018-07-15T06:00:00.000+02:00,56092
131,2018-07-15T07:00:00.000+02:00,76640
132,2018-07-15T08:00:00.000+02:00,107435
133,2018-07-15T09:00:00.000+02:00,129522
134,2018-07-15T10:00:00.000+02:00,166028
135,2018-07-15T11:00:00.000+02:00,159379
136,2018-07-15T12:00:00.000+02:00,162268
137,2018-07-15T13:00:00.000+02:00,158853
138,2018-07-15T14:00:00.000+02:00,158432
139,2018-07-15T15:00:00.000+02:00,171840
140,2018-07-15T16:00:00.000+02:00,196401
141,2018-07-15T17:00:00.000+02:00,206176
142,2018-07-15T18:00:00.000+02:00,213732
143,2018-07-15T19:00:00.000+02:00,148211
144,2018-07-15T20:00:00.000+02:00,26619
145,2018-07-15T21:00:00.000+02:00,204535
146,2018-07-15T22:00:00.000+02:00,215602
147,2018-07-15T23:00:00.000+02:00,190554
148,2018-07-16T00:00:00.000+02:00,128868
149,2018-07-16T01:00:00.000+02:00,74707
150,2018-07-16T02:00:00.000+02:00,48360
151,2018-07-16T03:00:00.000+02:00,41632
152,2018-07-16T04:00:00.000+02:00,42064
153,2018-07-16T05:00:00.000+02:00,51279
154,2018-07-16T06:00:00.000+02:00,64105
155,2018-07-16T07:00:00.000+02:00,90199
156,2018-07-16T08:00:00.000+02:00,115415
157,2018-07-16T09:00:00.000+02:00,134982
158,2018-07-16T10:00:00.000+02:00,150839
159,2018-07-16T11:00:00.000+02:00,155646
160,2018-07-16T12:00:00.000+02:00,151113
161,2018-07-16T13:00:00.000+02:00,155052
162,2018-07-16T14:00:00.000+02:00,153468
163,2018-07-16T15:00:00.000+02:00,160237
164,2018-07-16T16:00:00.000+02:00,168790
165,2018-07-16T17:00:00.000+02:00,171476
166,2018-07-16T18:00:00.000+02:00,174257
167,2018-07-16T19:00:00.000+02:00,152481
168,2018-07-16T20:00:00.000+02:00,26838
169,2018-07-16T21:00:00.000+02:00,209568
170,2018-07-16T22:00:00.000+02:00,223739
171,2018-07-16T23:00:00.000+02:00,199299
172,2018-07-17T00:00:00.000+02:00,131243
173,2018-07-17T01:00:00.000+02:00,67888
174,2018-07-17T02:00:00.000+02:00,45114
175,2018-07-17T03:00:00.000+02:00,38512
176,2018-07-17T04:00:00.000+02:00,39816
177,2018-07-17T05:00:00.000+02:00,49378
178,2018-07-17T06:00:00.000+02:00,68732
179,2018-07-17T07:00:00.000+02:00,98538
180,2018-07-17T08:00:00.000+02:00,123100
181,2018-07-17T09:00:00.000+02:00,152628
182,2018-07-17T10:00:00.000+02:00,158455
183,2018-07-17T11:00:00.000+02:00,153779
184,2018-07-17T12:00:00.000+02:00,152815
185,2018-07-17T13:00:00.000+02:00,150648
186,2018-07-17T14:00:00.000+02:00,149075
187,2018-07-17T15:00:00.000+02:00,161806
188,2018-07-17T16:00:00.000+02:00,168875
189,2018-07-17T17:00:00.000+02:00,166408
190,2018-07-17T18:00:00.000+02:00,181704
191,2018-07-17T19:00:00.000+02:00,154735
192,2018-07-17T20:00:00.000+02:00,27304
193,2018-07-17T21:00:00.000+02:00,215593
194,2018-07-17T22:00:00.000+02:00,224883
195,2018-07-17T23:00:00.000+02:00,197251
196,2018-07-18T00:00:00.000+02:00,130284
197,2018-07-18T01:00:00.000+02:00,71399
198,2018-07-18T02:00:00.000+02:00,49148
199,2018-07-18T03:00:00.000+02:00,45985
200,2018-07-18T04:00:00.000+02:00,48510
201,2018-07-18T05:00:00.000+02:00,57546
202,2018-07-18T06:00:00.000+02:00,82844
203,2018-07-18T07:00:00.000+02:00,108571
204,2018-07-18T08:00:00.000+02:00,138794
205,2018-07-18T09:00:00.000+02:00,150528
206,2018-07-18T10:00:00.000+02:00,160438
207,2018-07-18T11:00:00.000+02:00,154486
208,2018-07-18T12:00:00.000+02:00,154285
209,2018-07-18T13:00:00.000+02:00,156675
210,2018-07-18T14:00:00.000+02:00,184320
211,2018-07-18T15:00:00.000+02:00,204707
212,2018-07-18T16:00:00.000+02:00,191846
213,2018-07-18T17:00:00.000+02:00,177697
214,2018-07-18T18:00:00.000+02:00,167316
215,2018-07-18T19:00:00.000+02:00,142020
216,2018-07-18T20:00:00.000+02:00,23885
217,2018-07-18T21:00:00.000+02:00,189975
218,2018-07-18T22:00:00.000+02:00,209096
219,2018-07-18T23:00:00.000+02:00,181684
220,2018-07-19T00:00:00.000+02:00,123933
221,2018-07-19T01:00:00.000+02:00,67838
222,2018-07-19T02:00:00.000+02:00,46248
223,2018-07-19T03:00:00.000+02:00,38177
224,2018-07-19T04:00:00.000+02:00,40401
225,2018-07-19T05:00:00.000+02:00,50534
226,2018-07-19T06:00:00.000+02:00,70563
227,2018-07-19T07:00:00.000+02:00,95375
228,2018-07-19T08:00:00.000+02:00,127566
229,2018-07-19T09:00:00.000+02:00,139114
230,2018-07-19T10:00:00.000+02:00,144741
231,2018-07-19T11:00:00.000+02:00,158045
232,2018-07-19T12:00:00.000+02:00,150155
233,2018-07-19T13:00:00.000+02:00,151672
234,2018-07-19T14:00:00.000+02:00,149241
235,2018-07-19T15:00:00.000+02:00,178042
236,2018-07-19T16:00:00.000+02:00,202686
237,2018-07-19T17:00:00.000+02:00,177602
238,2018-07-19T18:00:00.000+02:00,165816
239,2018-07-19T19:00:00.000+02:00,133323
240,2018-07-19T20:00:00.000+02:00,23535
241,2018-07-19T21:00:00.000+02:00,183783
242,2018-07-19T22:00:00.000+02:00,193461
243,2018-07-19T23:00:00.000+02:00,176898
244,2018-07-20T00:00:00.000+02:00,123826
245,2018-07-20T01:00:00.000+02:00,71855
246,2018-07-20T02:00:00.000+02:00,49854
247,2018-07-20T03:00:00.000+02:00,43191
248,2018-07-20T04:00:00.000+02:00,50152
249,2018-07-20T05:00:00.000+02:00,56285
250,2018-07-20T06:00:00.000+02:00,72509
251,2018-07-20T07:00:00.000+02:00,99135
252,2018-07-20T08:00:00.000+02:00,120585
253,2018-07-20T09:00:00.000+02:00,134082
254,2018-07-20T10:00:00.000+02:00,141099
255,2018-07-20T11:00:00.000+02:00,142004
256,2018-07-20T12:00:00.000+02:00,133109
257,2018-07-20T13:00:00.000+02:00,132090
258,2018-07-20T14:00:00.000+02:00,127782
259,2018-07-20T15:00:00.000+02:00,137509
260,2018-07-20T16:00:00.000+02:00,142191
261,2018-07-20T17:00:00.000+02:00,134368
262,2018-07-20T18:00:00.000+02:00,134415
263,2018-07-20T19:00:00.000+02:00,115045
264,2018-07-20T20:00:00.000+02:00,18911
265,2018-07-20T21:00:00.000+02:00,150154
266,2018-07-20T22:00:00.000+02:00,154281
267,2018-07-20T23:00:00.000+02:00,146573
268,2018-07-21T00:00:00.000+02:00,106557
269,2018-07-21T01:00:00.000+02:00,65167
270,2018-07-21T02:00:00.000+02:00,42352
271,2018-07-21T03:00:00.000+02:00,35838
272,2018-07-21T04:00:00.000+02:00,36899
273,2018-07-21T05:00:00.000+02:00,41175
274,2018-07-21T06:00:00.000+02:00,60201
275,2018-07-21T07:00:00.000+02:00,84999
276,2018-07-21T08:00:00.000+02:00,104077
277,2018-07-21T09:00:00.000+02:00,113924
278,2018-07-21T10:00:00.000+02:00,122809
279,2018-07-21T11:00:00.000+02:00,121422
280,2018-07-21T12:00:00.000+02:00,121907
281,2018-07-21T13:00:00.000+02:00,120701
282,2018-07-21T14:00:00.000+02:00,130933
283,2018-07-21T15:00:00.000+02:00,144037
284,2018-07-21T16:00:00.000+02:00,152498
285,2018-07-21T17:00:00.000+02:00,154211
286,2018-07-21T18:00:00.000+02:00,141724
287,2018-07-21T19:00:00.000+02:00,115565
288,2018-07-21T20:00:00.000+02:00,18865
289,2018-07-21T21:00:00.000+02:00,145174
290,2018-07-21T22:00:00.000+02:00,153753
291,2018-07-21T23:00:00.000+02:00,148279
292,2018-07-22T00:00:00.000+02:00,111031
293,2018-07-22T01:00:00.000+02:00,70052
294,2018-07-22T02:00:00.000+02:00,45515
295,2018-07-22T03:00:00.000+02:00,34821
296,2018-07-22T04:00:00.000+02:00,36228
297,2018-07-22T05:00:00.000+02:00,42241
298,2018-07-22T06:00:00.000+02:00,46613
299,2018-07-22T07:00:00.000+02:00,62739
300,2018-07-22T08:00:00.000+02:00,86632
301,2018-07-22T09:00:00.000+02:00,108311
302,2018-07-22T10:00:00.000+02:00,179756
303,2018-07-22T11:00:00.000+02:00,163823
304,2018-07-22T12:00:00.000+02:00,146731
305,2018-07-22T13:00:00.000+02:00,143412
306,2018-07-22T14:00:00.000+02:00,141484
307,2018-07-22T15:00:00.000+02:00,156004
308,2018-07-22T16:00:00.000+02:00,176804
309,2018-07-22T17:00:00.000+02:00,180399
310,2018-07-22T18:00:00.000+02:00,171730
311,2018-07-22T19:00:00.000+02:00,140921
312,2018-07-22T20:00:00.000+02:00,23826
313,2018-07-22T21:00:00.000+02:00,182958
314,2018-07-22T22:00:00.000+02:00,186823
315,2018-07-22T23:00:00.000+02:00,168077
316,2018-07-23T00:00:00.000+02:00,111616
317,2018-07-23T01:00:00.000+02:00,63080
318,2018-07-23T02:00:00.000+02:00,44054
319,2018-07-23T03:00:00.000+02:00,38418
320,2018-07-23T04:00:00.000+02:00,38766
321,2018-07-23T05:00:00.000+02:00,44306
322,2018-07-23T06:00:00.000+02:00,57253
323,2018-07-23T07:00:00.000+02:00,83124
324,2018-07-23T08:00:00.000+02:00,107209
325,2018-07-23T09:00:00.000+02:00,126178
326,2018-07-23T10:00:00.000+02:00,135997
327,2018-07-23T11:00:00.000+02:00,134406
328,2018-07-23T12:00:00.000+02:00,136715
329,2018-07-23T13:00:00.000+02:00,156544
330,2018-07-23T14:00:00.000+02:00,144732
331,2018-07-23T15:00:00.000+02:00,152475
332,2018-07-23T16:00:00.000+02:00,155396
333,2018-07-23T17:00:00.000+02:00,147640
334,2018-07-23T18:00:00.000+02:00,138385
335,2018-07-23T19:00:00.000+02:00,117619
336,2018-07-23T20:00:00.000+02:00,20437
337,2018-07-23T21:00:00.000+02:00,160730
338,2018-07-23T22:00:00.000+02:00,174164
339,2018-07-23T23:00:00.000+02:00,155777
340,2018-07-24T00:00:00.000+02:00,100856
341,2018-07-24T01:00:00.000+02:00,56792
342,2018-07-24T02:00:00.000+02:00,39186
343,2018-07-24T03:00:00.000+02:00,32136
344,2018-07-24T04:00:00.000+02:00,35904
345,2018-07-24T05:00:00.000+02:00,44558
346,2018-07-24T06:00:00.000+02:00,59534
347,2018-07-24T07:00:00.000+02:00,75890
348,2018-07-24T08:00:00.000+02:00,108758
349,2018-07-24T09:00:00.000+02:00,121539
350,2018-07-24T10:00:00.000+02:00,124216
351,2018-07-24T11:00:00.000+02:00,119872
352,2018-07-24T12:00:00.000+02:00,124045
353,2018-07-24T13:00:00.000+02:00,124042
354,2018-07-24T14:00:00.000+02:00,125159
355,2018-07-24T15:00:00.000+02:00,128903
356,2018-07-24T16:00:00.000+02:00,137383
357,2018-07-24T17:00:00.000+02:00,137750
358,2018-07-24T18:00:00.000+02:00,125117
359,2018-07-24T19:00:00.000+02:00,106101
360,2018-07-24T20:00:00.000+02:00,18182
361,2018-07-24T21:00:00.000+02:00,144445
362,2018-07-24T22:00:00.000+02:00,160283
363,2018-07-24T23:00:00.000+02:00,144552
364,2018-07-25T00:00:00.000+02:00,98060
365,2018-07-25T01:00:00.000+02:00,56919
366,2018-07-25T02:00:00.000+02:00,38754
367,2018-07-25T03:00:00.000+02:00,32921
368,2018-07-25T04:00:00.000+02:00,38458
369,2018-07-25T05:00:00.000+02:00,46928
370,2018-07-25T06:00:00.000+02:00,60776
371,2018-07-25T07:00:00.000+02:00,77846
372,2018-07-25T08:00:00.000+02:00,103770
373,2018-07-25T09:00:00.000+02:00,122512
374,2018-07-25T10:00:00.000+02:00,137227
375,2018-07-25T11:00:00.000+02:00,152450
376,2018-07-25T12:00:00.000+02:00,186037
377,2018-07-25T13:00:00.000+02:00,156756
378,2018-07-25T14:00:00.000+02:00,148254
379,2018-07-25T15:00:00.000+02:00,156983
380,2018-07-25T16:00:00.000+02:00,164696
381,2018-07-25T17:00:00.000+02:00,161452
382,2018-07-25T18:00:00.000+02:00,167364
383,2018-07-25T19:00:00.000+02:00,132416
384,2018-07-25T20:00:00.000+02:00,21163
385,2018-07-25T21:00:00.000+02:00,164979
386,2018-07-25T22:00:00.000+02:00,185452
387,2018-07-25T23:00:00.000+02:00,166216
388,2018-07-26T00:00:00.000+02:00,119316
389,2018-07-26T01:00:00.000+02:00,64170
390,2018-07-26T02:00:00.000+02:00,41469
391,2018-07-26T03:00:00.000+02:00,35190
392,2018-07-26T04:00:00.000+02:00,35485
393,2018-07-26T05:00:00.000+02:00,47148
394,2018-07-26T06:00:00.000+02:00,64868
395,2018-07-26T07:00:00.000+02:00,90478
396,2018-07-26T08:00:00.000+02:00,117884
397,2018-07-26T09:00:00.000+02:00,140495
398,2018-07-26T10:00:00.000+02:00,162355
399,2018-07-26T11:00:00.000+02:00,218612
400,2018-07-26T12:00:00.000+02:00,267532
401,2018-07-26T13:00:00.000+02:00,255446
402,2018-07-26T14:00:00.000+02:00,212350
403,2018-07-26T15:00:00.000+02:00,201698
404,2018-07-26T16:00:00.000+02:00,188398
405,2018-07-26T17:00:00.000+02:00,173932
406,2018-07-26T18:00:00.000+02:00,161725
407,2018-07-26T19:00:00.000+02:00,141063
408,2018-07-26T20:00:00.000+02:00,22606
409,2018-07-26T21:00:00.000+02:00,183864
410,2018-07-26T22:00:00.000+02:00,197904
411,2018-07-26T23:00:00.000+02:00,168694
412,2018-07-27T00:00:00.000+02:00,113271
413,2018-07-27T01:00:00.000+02:00,64931
414,2018-07-27T02:00:00.000+02:00,40039
415,2018-07-27T03:00:00.000+02:00,33402
416,2018-07-27T04:00:00.000+02:00,35951
417,2018-07-27T05:00:00.000+02:00,50830
418,2018-07-27T06:00:00.000+02:00,68337
419,2018-07-27T07:00:00.000+02:00,93608
420,2018-07-27T08:00:00.000+02:00,125381
421,2018-07-27T09:00:00.000+02:00,140294
422,2018-07-27T10:00:00.000+02:00,142887
423,2018-07-27T11:00:00.000+02:00,141889
424,2018-07-27T12:00:00.000+02:00,136994
425,2018-07-27T13:00:00.000+02:00,142024
426,2018-07-27T14:00:00.000+02:00,134375
427,2018-07-27T15:00:00.000+02:00,143587
428,2018-07-27T16:00:00.000+02:00,152694
429,2018-07-27T17:00:00.000+02:00,145411
430,2018-07-27T18:00:00.000+02:00,130631
431,2018-07-27T19:00:00.000+02:00,106733
432,2018-07-27T20:00:00.000+02:00,17547
433,2018-07-27T21:00:00.000+02:00,135599
434,2018-07-27T22:00:00.000+02:00,139747
435,2018-07-27T23:00:00.000+02:00,131997
436,2018-07-28T00:00:00.000+02:00,103997
437,2018-07-28T01:00:00.000+02:00,63818
438,2018-07-28T02:00:00.000+02:00,40645
439,2018-07-28T03:00:00.000+02:00,30259
440,2018-07-28T04:00:00.000+02:00,28804
441,2018-07-28T05:00:00.000+02:00,40343
442,2018-07-28T06:00:00.000+02:00,53955
443,2018-07-28T07:00:00.000+02:00,72581
444,2018-07-28T08:00:00.000+02:00,91860
445,2018-07-28T09:00:00.000+02:00,112798
446,2018-07-28T10:00:00.000+02:00,148214
447,2018-07-28T11:00:00.000+02:00,135841
448,2018-07-28T12:00:00.000+02:00,128364
449,2018-07-28T13:00:00.000+02:00,127221
450,2018-07-28T14:00:00.000+02:00,127783
451,2018-07-28T15:00:00.000+02:00,137761
452,2018-07-28T16:00:00.000+02:00,154351
453,2018-07-28T17:00:00.000+02:00,156337
454,2018-07-28T18:00:00.000+02:00,143413
455,2018-07-28T19:00:00.000+02:00,118426
456,2018-07-28T20:00:00.000+02:00,18088
457,2018-07-28T21:00:00.000+02:00,140922
458,2018-07-28T22:00:00.000+02:00,153766
459,2018-07-28T23:00:00.000+02:00,141147
460,2018-07-29T00:00:00.000+02:00,108488
461,2018-07-29T01:00:00.000+02:00,71778
462,2018-07-29T02:00:00.000+02:00,43150
463,2018-07-29T03:00:00.000+02:00,32004
464,2018-07-29T04:00:00.000+02:00,30695
465,2018-07-29T05:00:00.000+02:00,36226
466,2018-07-29T06:00:00.000+02:00,48889
467,2018-07-29T07:00:00.000+02:00,62418
468,2018-07-29T08:00:00.000+02:00,88067
469,2018-07-29T09:00:00.000+02:00,114998
470,2018-07-29T10:00:00.000+02:00,149100
471,2018-07-29T11:00:00.000+02:00,145375
472,2018-07-29T12:00:00.000+02:00,134467
473,2018-07-29T13:00:00.000+02:00,130251
474,2018-07-29T14:00:00.000+02:00,132349
475,2018-07-29T15:00:00.000+02:00,142046
476,2018-07-29T16:00:00.000+02:00,162075
477,2018-07-29T17:00:00.000+02:00,163034
478,2018-07-29T18:00:00.000+02:00,152902
479,2018-07-29T19:00:00.000+02:00,129702
480,2018-07-29T20:00:00.000+02:00,21363
481,2018-07-29T21:00:00.000+02:00,172854
482,2018-07-29T22:00:00.000+02:00,176218
483,2018-07-29T23:00:00.000+02:00,155910
484,2018-07-30T00:00:00.000+02:00,104766
485,2018-07-30T01:00:00.000+02:00,57134
486,2018-07-30T02:00:00.000+02:00,39710
487,2018-07-30T03:00:00.000+02:00,33693
488,2018-07-30T04:00:00.000+02:00,33516
489,2018-07-30T05:00:00.000+02:00,40623
490,2018-07-30T06:00:00.000+02:00,48518
491,2018-07-30T07:00:00.000+02:00,71971
492,2018-07-30T08:00:00.000+02:00,88754
493,2018-07-30T09:00:00.000+02:00,109255
494,2018-07-30T10:00:00.000+02:00,125624
495,2018-07-30T11:00:00.000+02:00,125129
496,2018-07-30T12:00:00.000+02:00,122843
497,2018-07-30T13:00:00.000+02:00,125402
498,2018-07-30T14:00:00.000+02:00,125531
499,2018-07-30T15:00:00.000+02:00,139709
500,2018-07-30T16:00:00.000+02:00,142554
501,2018-07-30T17:00:00.000+02:00,134951
502,2018-07-30T18:00:00.000+02:00,126195
503,2018-07-30T19:00:00.000+02:00,107961
504,2018-07-30T20:00:00.000+02:00,18902
505,2018-07-30T21:00:00.000+02:00,153117
506,2018-07-30T22:00:00.000+02:00,160834
507,2018-07-30T23:00:00.000+02:00,145401
508,2018-07-31T00:00:00.000+02:00,102610
509,2018-07-31T01:00:00.000+02:00,55012
510,2018-07-31T02:00:00.000+02:00,37410
511,2018-07-31T03:00:00.000+02:00,31740
512,2018-07-31T04:00:00.000+02:00,32711
513,2018-07-31T05:00:00.000+02:00,40329
514,2018-07-31T06:00:00.000+02:00,59268
515,2018-07-31T07:00:00.000+02:00,80005
516,2018-07-31T08:00:00.000+02:00,96240
517,2018-07-31T09:00:00.000+02:00,114834
518,2018-07-31T10:00:00.000+02:00,121962
519,2018-07-31T11:00:00.000+02:00,121903
520,2018-07-31T12:00:00.000+02:00,121210
521,2018-07-31T13:00:00.000+02:00,127369
522,2018-07-31T14:00:00.000+02:00,124711
523,2018-07-31T15:00:00.000+02:00,135885
524,2018-07-31T16:00:00.000+02:00,165823
525,2018-07-31T17:00:00.000+02:00,161735
526,2018-07-31T18:00:00.000+02:00,153593
527,2018-07-31T19:00:00.000+02:00,123352
528,2018-07-31T20:00:00.000+02:00,20157
529,2018-07-31T21:00:00.000+02:00,159055
530,2018-07-31T22:00:00.000+02:00,175226
531,2018-07-31T23:00:00.000+02:00,156642
532,2018-08-01T00:00:00.000+02:00,103922
533,2018-08-01T01:00:00.000+02:00,57246
534,2018-08-01T02:00:00.000+02:00,36662
535,2018-08-01T03:00:00.000+02:00,30763
536,2018-08-01T04:00:00.000+02:00,33616
537,2018-08-01T05:00:00.000+02:00,41139
538,2018-08-01T06:00:00.000+02:00,65849
539,2018-08-01T07:00:00.000+02:00,87757
540,2018-08-01T08:00:00.000+02:00,110864
541,2018-08-01T09:00:00.000+02:00,123820
542,2018-08-01T10:00:00.000+02:00,131388
543,2018-08-01T11:00:00.000+02:00,153621
544,2018-08-01T12:00:00.000+02:00,151635
545,2018-08-01T13:00:00.000+02:00,146816
546,2018-08-01T14:00:00.000+02:00,140976
547,2018-08-01T15:00:00.000+02:00,148688
548,2018-08-01T16:00:00.000+02:00,154083
549,2018-08-01T17:00:00.000+02:00,146551
550,2018-08-01T18:00:00.000+02:00,136800
551,2018-08-01T19:00:00.000+02:00,114494
552,2018-08-01T20:00:00.000+02:00,18320
553,2018-08-01T21:00:00.000+02:00,155492
554,2018-08-01T22:00:00.000+02:00,161845
555,2018-08-01T23:00:00.000+02:00,141556
556,2018-08-02T00:00:00.000+02:00,103125
557,2018-08-02T01:00:00.000+02:00,69478
558,2018-08-02T02:00:00.000+02:00,48069
559,2018-08-02T03:00:00.000+02:00,42756
560,2018-08-02T04:00:00.000+02:00,41662
561,2018-08-02T05:00:00.000+02:00,51928
562,2018-08-02T06:00:00.000+02:00,74417
563,2018-08-02T07:00:00.000+02:00,101364
564,2018-08-02T08:00:00.000+02:00,122898
565,2018-08-02T09:00:00.000+02:00,139034
566,2018-08-02T10:00:00.000+02:00,146213
567,2018-08-02T11:00:00.000+02:00,152749
568,2018-08-02T12:00:00.000+02:00,151219
569,2018-08-02T13:00:00.000+02:00,150696
570,2018-08-02T14:00:00.000+02:00,150979
571,2018-08-02T15:00:00.000+02:00,153327
572,2018-08-02T16:00:00.000+02:00,158569
573,2018-08-02T17:00:00.000+02:00,149066
574,2018-08-02T18:00:00.000+02:00,146627
575,2018-08-02T19:00:00.000+02:00,118407
576,2018-08-02T20:00:00.000+02:00,19710
577,2018-08-02T21:00:00.000+02:00,159127
578,2018-08-02T22:00:00.000+02:00,169600
579,2018-08-02T23:00:00.000+02:00,152286
580,2018-08-03T00:00:00.000+02:00,108620
581,2018-08-03T01:00:00.000+02:00,64589
582,2018-08-03T02:00:00.000+02:00,50030
583,2018-08-03T03:00:00.000+02:00,42024
584,2018-08-03T04:00:00.000+02:00,41793
585,2018-08-03T05:00:00.000+02:00,48160
586,2018-08-03T06:00:00.000+02:00,55713
587,2018-08-03T07:00:00.000+02:00,76470
588,2018-08-03T08:00:00.000+02:00,93388
589,2018-08-03T09:00:00.000+02:00,108659
590,2018-08-03T10:00:00.000+02:00,114728
591,2018-08-03T11:00:00.000+02:00,115639
592,2018-08-03T12:00:00.000+02:00,111860
593,2018-08-03T13:00:00.000+02:00,114529
594,2018-08-03T14:00:00.000+02:00,113954
595,2018-08-03T15:00:00.000+02:00,124468
596,2018-08-03T16:00:00.000+02:00,123780
597,2018-08-03T17:00:00.000+02:00,120017
598,2018-08-03T18:00:00.000+02:00,111449
599,2018-08-03T19:00:00.000+02:00,91978
600,2018-08-03T20:00:00.000+02:00,14746
601,2018-08-03T21:00:00.000+02:00,117989
602,2018-08-03T22:00:00.000+02:00,118441
603,2018-08-03T23:00:00.000+02:00,112505
604,2018-08-04T00:00:00.000+02:00,85481
605,2018-08-04T01:00:00.000+02:00,55865
606,2018-08-04T02:00:00.000+02:00,37198
607,2018-08-04T03:00:00.000+02:00,28025
608,2018-08-04T04:00:00.000+02:00,28836
609,2018-08-04T05:00:00.000+02:00,37378
610,2018-08-04T06:00:00.000+02:00,45943
611,2018-08-04T07:00:00.000+02:00,58927
612,2018-08-04T08:00:00.000+02:00,84314
613,2018-08-04T09:00:00.000+02:00,101366
614,2018-08-04T10:00:00.000+02:00,105893
615,2018-08-04T11:00:00.000+02:00,101281
616,2018-08-04T12:00:00.000+02:00,143636
617,2018-08-04T13:00:00.000+02:00,138309
618,2018-08-04T14:00:00.000+02:00,133996
619,2018-08-04T15:00:00.000+02:00,146245
620,2018-08-04T16:00:00.000+02:00,154472
621,2018-08-04T17:00:00.000+02:00,148829
622,2018-08-04T18:00:00.000+02:00,138646
623,2018-08-04T19:00:00.000+02:00,114044
624,2018-08-04T20:00:00.000+02:00,16951
625,2018-08-04T21:00:00.000+02:00,133936
626,2018-08-04T22:00:00.000+02:00,137237
627,2018-08-04T23:00:00.000+02:00,127299
628,2018-08-05T00:00:00.000+02:00,98145
629,2018-08-05T01:00:00.000+02:00,61954
630,2018-08-05T02:00:00.000+02:00,41104
631,2018-08-05T03:00:00.000+02:00,30166
632,2018-08-05T04:00:00.000+02:00,30879
633,2018-08-05T05:00:00.000+02:00,34300
634,2018-08-05T06:00:00.000+02:00,44792
635,2018-08-05T07:00:00.000+02:00,61672
636,2018-08-05T08:00:00.000+02:00,82218
637,2018-08-05T09:00:00.000+02:00,104410
638,2018-08-05T10:00:00.000+02:00,111596
639,2018-08-05T11:00:00.000+02:00,111048
640,2018-08-05T12:00:00.000+02:00,115302
641,2018-08-05T13:00:00.000+02:00,112890
642,2018-08-05T14:00:00.000+02:00,115675
643,2018-08-05T15:00:00.000+02:00,124220
644,2018-08-05T16:00:00.000+02:00,135948
645,2018-08-05T17:00:00.000+02:00,143148
646,2018-08-05T18:00:00.000+02:00,134120
647,2018-08-05T19:00:00.000+02:00,113112
648,2018-08-05T20:00:00.000+02:00,19034
649,2018-08-05T21:00:00.000+02:00,144769
650,2018-08-05T22:00:00.000+02:00,147896
651,2018-08-05T23:00:00.000+02:00,134590
652,2018-08-06T00:00:00.000+02:00,92261
653,2018-08-06T01:00:00.000+02:00,53519
654,2018-08-06T02:00:00.000+02:00,34955
655,2018-08-06T03:00:00.000+02:00,29936
656,2018-08-06T04:00:00.000+02:00,32814
657,2018-08-06T05:00:00.000+02:00,34771
658,2018-08-06T06:00:00.000+02:00,45369
659,2018-08-06T07:00:00.000+02:00,71578
660,2018-08-06T08:00:00.000+02:00,88937
661,2018-08-06T09:00:00.000+02:00,106097
662,2018-08-06T10:00:00.000+02:00,119319
663,2018-08-06T11:00:00.000+02:00,118493
664,2018-08-06T12:00:00.000+02:00,121631
665,2018-08-06T13:00:00.000+02:00,119651
666,2018-08-06T14:00:00.000+02:00,127366
667,2018-08-06T15:00:00.000+02:00,133591
668,2018-08-06T16:00:00.000+02:00,134364
669,2018-08-06T17:00:00.000+02:00,131818
670,2018-08-06T18:00:00.000+02:00,120694
671,2018-08-06T19:00:00.000+02:00,103571
672,2018-08-06T20:00:00.000+02:00,16903
673,2018-08-06T21:00:00.000+02:00,146794
674,2018-08-06T22:00:00.000+02:00,153145
675,2018-08-06T23:00:00.000+02:00,132216
676,2018-08-07T00:00:00.000+02:00,91967
677,2018-08-07T01:00:00.000+02:00,52546
678,2018-08-07T02:00:00.000+02:00,34265
679,2018-08-07T03:00:00.000+02:00,31847
680,2018-08-07T04:00:00.000+02:00,33266
681,2018-08-07T05:00:00.000+02:00,42164
682,2018-08-07T06:00:00.000+02:00,51962
683,2018-08-07T07:00:00.000+02:00,78621
684,2018-08-07T08:00:00.000+02:00,97645
685,2018-08-07T09:00:00.000+02:00,115795
686,2018-08-07T10:00:00.000+02:00,119406
687,2018-08-07T11:00:00.000+02:00,118109
688,2018-08-07T12:00:00.000+02:00,116768
689,2018-08-07T13:00:00.000+02:00,119141
690,2018-08-07T14:00:00.000+02:00,118856
691,2018-08-07T15:00:00.000+02:00,136561
692,2018-08-07T16:00:00.000+02:00,149221
693,2018-08-07T17:00:00.000+02:00,140430
694,2018-08-07T18:00:00.000+02:00,129526
695,2018-08-07T19:00:00.000+02:00,109773
696,2018-08-07T20:00:00.000+02:00,18313
697,2018-08-07T21:00:00.000+02:00,146638
698,2018-08-07T22:00:00.000+02:00,164917
699,2018-08-07T23:00:00.000+02:00,142196
700,2018-08-08T00:00:00.000+02:00,119902
701,2018-08-08T01:00:00.000+02:00,71860
702,2018-08-08T02:00:00.000+02:00,46298
703,2018-08-08T03:00:00.000+02:00,42454
704,2018-08-08T04:00:00.000+02:00,41296
705,2018-08-08T05:00:00.000+02:00,49398
706,2018-08-08T06:00:00.000+02:00,62735
707,2018-08-08T07:00:00.000+02:00,88619
708,2018-08-08T08:00:00.000+02:00,118142
709,2018-08-08T09:00:00.000+02:00,130983
710,2018-08-08T10:00:00.000+02:00,139695
711,2018-08-08T11:00:00.000+02:00,142981
712,2018-08-08T12:00:00.000+02:00,142887
713,2018-08-08T13:00:00.000+02:00,151748
714,2018-08-08T14:00:00.000+02:00,145590
715,2018-08-08T15:00:00.000+02:00,157209
716,2018-08-08T16:00:00.000+02:00,162867
717,2018-08-08T17:00:00.000+02:00,160706
718,2018-08-08T18:00:00.000+02:00,191219
719,2018-08-08T19:00:00.000+02:00,142948
720,2018-08-08T20:00:00.000+02:00,24061
721,2018-08-08T21:00:00.000+02:00,181917
722,2018-08-08T22:00:00.000+02:00,196695
723,2018-08-08T23:00:00.000+02:00,179198
724,2018-08-09T00:00:00.000+02:00,118139
725,2018-08-09T01:00:00.000+02:00,70686
726,2018-08-09T02:00:00.000+02:00,45564
727,2018-08-09T03:00:00.000+02:00,37958
728,2018-08-09T04:00:00.000+02:00,39406
729,2018-08-09T05:00:00.000+02:00,50223
730,2018-08-09T06:00:00.000+02:00,69290
731,2018-08-09T07:00:00.000+02:00,105880
732,2018-08-09T08:00:00.000+02:00,126261
733,2018-08-09T09:00:00.000+02:00,141828
734,2018-08-09T10:00:00.000+02:00,152747
735,2018-08-09T11:00:00.000+02:00,142848
736,2018-08-09T12:00:00.000+02:00,147593
737,2018-08-09T13:00:00.000+02:00,145168
738,2018-08-09T14:00:00.000+02:00,151857
739,2018-08-09T15:00:00.000+02:00,154216
740,2018-08-09T16:00:00.000+02:00,162880
741,2018-08-09T17:00:00.000+02:00,160107
742,2018-08-09T18:00:00.000+02:00,145857
743,2018-08-09T19:00:00.000+02:00,123796
744,2018-08-09T20:00:00.000+02:00,20671
745,2018-08-09T21:00:00.000+02:00,167054
746,2018-08-09T22:00:00.000+02:00,177111
747,2018-08-09T23:00:00.000+02:00,156875
748,2018-08-10T00:00:00.000+02:00,113107
749,2018-08-10T01:00:00.000+02:00,62760
750,2018-08-10T02:00:00.000+02:00,45914
751,2018-08-10T03:00:00.000+02:00,39979
752,2018-08-10T04:00:00.000+02:00,39917
753,2018-08-10T05:00:00.000+02:00,49735
754,2018-08-10T06:00:00.000+02:00,63507
755,2018-08-10T07:00:00.000+02:00,86028
756,2018-08-10T08:00:00.000+02:00,109386
757,2018-08-10T09:00:00.000+02:00,134720
758,2018-08-10T10:00:00.000+02:00,140453
759,2018-08-10T11:00:00.000+02:00,138275
760,2018-08-10T12:00:00.000+02:00,146520
761,2018-08-10T13:00:00.000+02:00,165946
762,2018-08-10T14:00:00.000+02:00,151169
763,2018-08-10T15:00:00.000+02:00,161318
764,2018-08-10T16:00:00.000+02:00,168906
765,2018-08-10T17:00:00.000+02:00,159400
766,2018-08-10T18:00:00.000+02:00,147375
767,2018-08-10T19:00:00.000+02:00,126548
768,2018-08-10T20:00:00.000+02:00,20226
769,2018-08-10T21:00:00.000+02:00,160127
770,2018-08-10T22:00:00.000+02:00,165443
771,2018-08-10T23:00:00.000+02:00,150569
772,2018-08-11T00:00:00.000+02:00,111222
773,2018-08-11T01:00:00.000+02:00,69962
774,2018-08-11T02:00:00.000+02:00,48046
775,2018-08-11T03:00:00.000+02:00,37129
776,2018-08-11T04:00:00.000+02:00,35368
777,2018-08-11T05:00:00.000+02:00,44944
778,2018-08-11T06:00:00.000+02:00,59341
779,2018-08-11T07:00:00.000+02:00,85902
780,2018-08-11T08:00:00.000+02:00,108187
781,2018-08-11T09:00:00.000+02:00,119007
782,2018-08-11T10:00:00.000+02:00,127828
783,2018-08-11T11:00:00.000+02:00,123573
784,2018-08-11T12:00:00.000+02:00,119921
785,2018-08-11T13:00:00.000+02:00,126050
786,2018-08-11T14:00:00.000+02:00,128628
787,2018-08-11T15:00:00.000+02:00,145589
788,2018-08-11T16:00:00.000+02:00,156229
789,2018-08-11T17:00:00.000+02:00,155509
790,2018-08-11T18:00:00.000+02:00,155202
791,2018-08-11T19:00:00.000+02:00,133351
792,2018-08-11T20:00:00.000+02:00,20311
793,2018-08-11T21:00:00.000+02:00,161131
794,2018-08-11T22:00:00.000+02:00,163772
795,2018-08-11T23:00:00.000+02:00,153976
796,2018-08-12T00:00:00.000+02:00,113323
797,2018-08-12T01:00:00.000+02:00,75242
798,2018-08-12T02:00:00.000+02:00,48523
799,2018-08-12T03:00:00.000+02:00,40779
800,2018-08-12T04:00:00.000+02:00,39207
801,2018-08-12T05:00:00.000+02:00,43623
802,2018-08-12T06:00:00.000+02:00,48797
803,2018-08-12T07:00:00.000+02:00,67210
804,2018-08-12T08:00:00.000+02:00,90839
805,2018-08-12T09:00:00.000+02:00,118607
806,2018-08-12T10:00:00.000+02:00,153240
807,2018-08-12T11:00:00.000+02:00,144504
808,2018-08-12T12:00:00.000+02:00,139909
809,2018-08-12T13:00:00.000+02:00,140079
810,2018-08-12T14:00:00.000+02:00,144948
811,2018-08-12T15:00:00.000+02:00,155841
812,2018-08-12T16:00:00.000+02:00,171502
813,2018-08-12T17:00:00.000+02:00,173679
814,2018-08-12T18:00:00.000+02:00,170367
815,2018-08-12T19:00:00.000+02:00,147025
816,2018-08-12T20:00:00.000+02:00,23018
817,2018-08-12T21:00:00.000+02:00,188351
818,2018-08-12T22:00:00.000+02:00,200182
819,2018-08-12T23:00:00.000+02:00,173570
820,2018-08-13T00:00:00.000+02:00,116215
821,2018-08-13T01:00:00.000+02:00,69167
822,2018-08-13T02:00:00.000+02:00,47872
823,2018-08-13T03:00:00.000+02:00,36853
824,2018-08-13T04:00:00.000+02:00,38983
825,2018-08-13T05:00:00.000+02:00,45451
826,2018-08-13T06:00:00.000+02:00,52411
827,2018-08-13T07:00:00.000+02:00,75310
828,2018-08-13T08:00:00.000+02:00,98041
829,2018-08-13T09:00:00.000+02:00,121597
830,2018-08-13T10:00:00.000+02:00,133705
831,2018-08-13T11:00:00.000+02:00,132609
832,2018-08-13T12:00:00.000+02:00,138657
833,2018-08-13T13:00:00.000+02:00,142402
834,2018-08-13T14:00:00.000+02:00,141047
835,2018-08-13T15:00:00.000+02:00,155596
836,2018-08-13T16:00:00.000+02:00,175476
837,2018-08-13T17:00:00.000+02:00,191719
838,2018-08-13T18:00:00.000+02:00,178873
839,2018-08-13T19:00:00.000+02:00,143487
840,2018-08-13T20:00:00.000+02:00,23918
841,2018-08-13T21:00:00.000+02:00,197226
842,2018-08-13T22:00:00.000+02:00,206983
843,2018-08-13T23:00:00.000+02:00,175642
844,2018-08-14T00:00:00.000+02:00,121358
845,2018-08-14T01:00:00.000+02:00,70076
846,2018-08-14T02:00:00.000+02:00,47171
847,2018-08-14T03:00:00.000+02:00,40494
848,2018-08-14T04:00:00.000+02:00,37741
849,2018-08-14T05:00:00.000+02:00,48287
850,2018-08-14T06:00:00.000+02:00,62647
851,2018-08-14T07:00:00.000+02:00,89616
852,2018-08-14T08:00:00.000+02:00,115730
853,2018-08-14T09:00:00.000+02:00,137016
854,2018-08-14T10:00:00.000+02:00,187250
855,2018-08-14T11:00:00.000+02:00,178919
856,2018-08-14T12:00:00.000+02:00,157213
857,2018-08-14T13:00:00.000+02:00,156520
858,2018-08-14T14:00:00.000+02:00,151440
859,2018-08-14T15:00:00.000+02:00,178342
860,2018-08-14T16:00:00.000+02:00,207341
861,2018-08-14T17:00:00.000+02:00,189228
862,2018-08-14T18:00:00.000+02:00,170718
863,2018-08-14T19:00:00.000+02:00,153396
864,2018-08-14T20:00:00.000+02:00,22762
865,2018-08-14T21:00:00.000+02:00,191088
866,2018-08-14T22:00:00.000+02:00,193718
867,2018-08-14T23:00:00.000+02:00,167616
868,2018-08-15T00:00:00.000+02:00,111840
869,2018-08-15T01:00:00.000+02:00,75428
870,2018-08-15T02:00:00.000+02:00,48759
871,2018-08-15T03:00:00.000+02:00,42841
872,2018-08-15T04:00:00.000+02:00,41108
873,2018-08-15T05:00:00.000+02:00,47970
874,2018-08-15T06:00:00.000+02:00,61162
875,2018-08-15T07:00:00.000+02:00,86001
876,2018-08-15T08:00:00.000+02:00,113893
877,2018-08-15T09:00:00.000+02:00,141125
878,2018-08-15T10:00:00.000+02:00,146835
879,2018-08-15T11:00:00.000+02:00,149386
880,2018-08-15T12:00:00.000+02:00,137873
881,2018-08-15T13:00:00.000+02:00,140397
882,2018-08-15T14:00:00.000+02:00,142777
883,2018-08-15T15:00:00.000+02:00,162603
884,2018-08-15T16:00:00.000+02:00,169984
885,2018-08-15T17:00:00.000+02:00,163574
886,2018-08-15T18:00:00.000+02:00,155077
887,2018-08-15T19:00:00.000+02:00,137718
888,2018-08-15T20:00:00.000+02:00,21834
889,2018-08-15T21:00:00.000+02:00,186420
890,2018-08-15T22:00:00.000+02:00,201106
891,2018-08-15T23:00:00.000+02:00,172748
892,2018-08-16T00:00:00.000+02:00,117267
893,2018-08-16T01:00:00.000+02:00,69135
894,2018-08-16T02:00:00.000+02:00,45730
895,2018-08-16T03:00:00.000+02:00,41192
896,2018-08-16T04:00:00.000+02:00,38801
897,2018-08-16T05:00:00.000+02:00,50783
898,2018-08-16T06:00:00.000+02:00,64364
899,2018-08-16T07:00:00.000+02:00,85601
900,2018-08-16T08:00:00.000+02:00,109943
901,2018-08-16T09:00:00.000+02:00,127133
902,2018-08-16T10:00:00.000+02:00,141812
903,2018-08-16T11:00:00.000+02:00,139262
904,2018-08-16T12:00:00.000+02:00,137130
905,2018-08-16T13:00:00.000+02:00,143840
906,2018-08-16T14:00:00.000+02:00,145094
907,2018-08-16T15:00:00.000+02:00,158155
908,2018-08-16T16:00:00.000+02:00,169943
909,2018-08-16T17:00:00.000+02:00,155904
910,2018-08-16T18:00:00.000+02:00,150071
911,2018-08-16T19:00:00.000+02:00,126624
912,2018-08-16T20:00:00.000+02:00,20466
913,2018-08-16T21:00:00.000+02:00,175337
914,2018-08-16T22:00:00.000+02:00,188916
915,2018-08-16T23:00:00.000+02:00,157364
916,2018-08-17T00:00:00.000+02:00,114587
917,2018-08-17T01:00:00.000+02:00,65240
918,2018-08-17T02:00:00.000+02:00,44992
919,2018-08-17T03:00:00.000+02:00,37231
920,2018-08-17T04:00:00.000+02:00,35692
921,2018-08-17T05:00:00.000+02:00,46205
922,2018-08-17T06:00:00.000+02:00,57222
923,2018-08-17T07:00:00.000+02:00,78354
924,2018-08-17T08:00:00.000+02:00,105924
925,2018-08-17T09:00:00.000+02:00,126215
926,2018-08-17T10:00:00.000+02:00,149358
927,2018-08-17T11:00:00.000+02:00,137879
928,2018-08-17T12:00:00.000+02:00,138745
929,2018-08-17T13:00:00.000+02:00,138270
930,2018-08-17T14:00:00.000+02:00,134261
931,2018-08-17T15:00:00.000+02:00,144522
932,2018-08-17T16:00:00.000+02:00,151295
933,2018-08-17T17:00:00.000+02:00,151362
934,2018-08-17T18:00:00.000+02:00,139261
935,2018-08-17T19:00:00.000+02:00,121140
936,2018-08-17T20:00:00.000+02:00,19374
937,2018-08-17T21:00:00.000+02:00,160576
938,2018-08-17T22:00:00.000+02:00,163515
939,2018-08-17T23:00:00.000+02:00,151960
940,2018-08-18T00:00:00.000+02:00,112570
941,2018-08-18T01:00:00.000+02:00,68509
942,2018-08-18T02:00:00.000+02:00,47432
943,2018-08-18T03:00:00.000+02:00,37702
944,2018-08-18T04:00:00.000+02:00,36116
945,2018-08-18T05:00:00.000+02:00,41133
946,2018-08-18T06:00:00.000+02:00,49613
947,2018-08-18T07:00:00.000+02:00,77601
948,2018-08-18T08:00:00.000+02:00,100786
949,2018-08-18T09:00:00.000+02:00,116464
950,2018-08-18T10:00:00.000+02:00,126137
951,2018-08-18T11:00:00.000+02:00,121208
952,2018-08-18T12:00:00.000+02:00,119772
953,2018-08-18T13:00:00.000+02:00,122683
954,2018-08-18T14:00:00.000+02:00,129096
955,2018-08-18T15:00:00.000+02:00,142273
956,2018-08-18T16:00:00.000+02:00,155557
957,2018-08-18T17:00:00.000+02:00,154702
958,2018-08-18T18:00:00.000+02:00,148511
959,2018-08-18T19:00:00.000+02:00,119446
960,2018-08-18T20:00:00.000+02:00,19416
961,2018-08-18T21:00:00.000+02:00,152501
962,2018-08-18T22:00:00.000+02:00,162882
963,2018-08-18T23:00:00.000+02:00,151628
964,2018-08-19T00:00:00.000+02:00,111626
965,2018-08-19T01:00:00.000+02:00,74510
966,2018-08-19T02:00:00.000+02:00,51762
967,2018-08-19T03:00:00.000+02:00,36266
968,2018-08-19T04:00:00.000+02:00,33379
969,2018-08-19T05:00:00.000+02:00,38260
970,2018-08-19T06:00:00.000+02:00,48110
971,2018-08-19T07:00:00.000+02:00,59499
972,2018-08-19T08:00:00.000+02:00,85941
973,2018-08-19T09:00:00.000+02:00,109342
974,2018-08-19T10:00:00.000+02:00,146048
975,2018-08-19T11:00:00.000+02:00,146836
976,2018-08-19T12:00:00.000+02:00,143474
977,2018-08-19T13:00:00.000+02:00,137417
978,2018-08-19T14:00:00.000+02:00,140069
979,2018-08-19T15:00:00.000+02:00,151368
980,2018-08-19T16:00:00.000+02:00,171600
981,2018-08-19T17:00:00.000+02:00,171611
982,2018-08-19T18:00:00.000+02:00,166276
983,2018-08-19T19:00:00.000+02:00,144316
984,2018-08-19T20:00:00.000+02:00,23151
985,2018-08-19T21:00:00.000+02:00,189267
986,2018-08-19T22:00:00.000+02:00,196124
987,2018-08-19T23:00:00.000+02:00,164013
988,2018-08-20T00:00:00.000+02:00,111397
989,2018-08-20T01:00:00.000+02:00,68475
990,2018-08-20T02:00:00.000+02:00,46234
991,2018-08-20T03:00:00.000+02:00,37740
992,2018-08-20T04:00:00.000+02:00,40564
993,2018-08-20T05:00:00.000+02:00,43624
994,2018-08-20T06:00:00.000+02:00,51912
995,2018-08-20T07:00:00.000+02:00,70564
996,2018-08-20T08:00:00.000+02:00,96411
997,2018-08-20T09:00:00.000+02:00,116109
998,2018-08-20T10:00:00.000+02:00,124367
999,2018-08-20T11:00:00.000+02:00,128820
1000,2018-08-20T12:00:00.000+02:00,131529
1001,2018-08-20T13:00:00.000+02:00,138235
1002,2018-08-20T14:00:00.000+02:00,139016
1003,2018-08-20T15:00:00.000+02:00,151661
1004,2018-08-20T16:00:00.000+02:00,159637
1005,2018-08-20T17:00:00.000+02:00,153699
1006,2018-08-20T18:00:00.000+02:00,148203
1007,2018-08-20T19:00:00.000+02:00,122109
1008,2018-08-20T20:00:00.000+02:00,20652
1009,2018-08-20T21:00:00.000+02:00,170393
1010,2018-08-20T22:00:00.000+02:00,184166
1011,2018-08-20T23:00:00.000+02:00,159512
1012,2018-08-21T00:00:00.000+02:00,107526
1013,2018-08-21T01:00:00.000+02:00,62322
1014,2018-08-21T02:00:00.000+02:00,39921
1015,2018-08-21T03:00:00.000+02:00,33258
1016,2018-08-21T04:00:00.000+02:00,39035
1017,2018-08-21T05:00:00.000+02:00,43957
1018,2018-08-21T06:00:00.000+02:00,52812
1019,2018-08-21T07:00:00.000+02:00,72580
1020,2018-08-21T08:00:00.000+02:00,99852
1021,2018-08-21T09:00:00.000+02:00,118919
1022,2018-08-21T10:00:00.000+02:00,125538
1023,2018-08-21T11:00:00.000+02:00,138337
1024,2018-08-21T12:00:00.000+02:00,137741
1025,2018-08-21T13:00:00.000+02:00,143289
1026,2018-08-21T14:00:00.000+02:00,143751
1027,2018-08-21T15:00:00.000+02:00,149824
1028,2018-08-21T16:00:00.000+02:00,159050
1029,2018-08-21T17:00:00.000+02:00,152949
1030,2018-08-21T18:00:00.000+02:00,142732
1031,2018-08-21T19:00:00.000+02:00,121539
1032,2018-08-21T20:00:00.000+02:00,20075
1033,2018-08-21T21:00:00.000+02:00,168314
1034,2018-08-21T22:00:00.000+02:00,181157
1035,2018-08-21T23:00:00.000+02:00,153749
1036,2018-08-22T00:00:00.000+02:00,102969
1037,2018-08-22T01:00:00.000+02:00,60243
1038,2018-08-22T02:00:00.000+02:00,43806
1039,2018-08-22T03:00:00.000+02:00,38617
1040,2018-08-22T04:00:00.000+02:00,37350
1041,2018-08-22T05:00:00.000+02:00,42046
1042,2018-08-22T06:00:00.000+02:00,56406
1043,2018-08-22T07:00:00.000+02:00,75169
1044,2018-08-22T08:00:00.000+02:00,100203
1045,2018-08-22T09:00:00.000+02:00,119397
1046,2018-08-22T10:00:00.000+02:00,132839
1047,2018-08-22T11:00:00.000+02:00,132871
1048,2018-08-22T12:00:00.000+02:00,137687
1049,2018-08-22T13:00:00.000+02:00,218262
1050,2018-08-22T14:00:00.000+02:00,198563
1051,2018-08-22T15:00:00.000+02:00,196173
1052,2018-08-22T16:00:00.000+02:00,204716
1053,2018-08-22T17:00:00.000+02:00,177943
1054,2018-08-22T18:00:00.000+02:00,166306
1055,2018-08-22T19:00:00.000+02:00,138385
1056,2018-08-22T20:00:00.000+02:00,21662
1057,2018-08-22T21:00:00.000+02:00,186398
1058,2018-08-22T22:00:00.000+02:00,191121
1059,2018-08-22T23:00:00.000+02:00,167326
1060,2018-08-23T00:00:00.000+02:00,110298
1061,2018-08-23T01:00:00.000+02:00,66440
1062,2018-08-23T02:00:00.000+02:00,44144
1063,2018-08-23T03:00:00.000+02:00,37948
1064,2018-08-23T04:00:00.000+02:00,38700
1065,2018-08-23T05:00:00.000+02:00,50479
1066,2018-08-23T06:00:00.000+02:00,66741
1067,2018-08-23T07:00:00.000+02:00,90669
1068,2018-08-23T08:00:00.000+02:00,112627
1069,2018-08-23T09:00:00.000+02:00,135976
1070,2018-08-23T10:00:00.000+02:00,144492
1071,2018-08-23T11:00:00.000+02:00,142672
1072,2018-08-23T12:00:00.000+02:00,145013
1073,2018-08-23T13:00:00.000+02:00,142703
1074,2018-08-23T14:00:00.000+02:00,202060
1075,2018-08-23T15:00:00.000+02:00,233979
1076,2018-08-23T16:00:00.000+02:00,216613
1077,2018-08-23T17:00:00.000+02:00,204051
1078,2018-08-23T18:00:00.000+02:00,196928
1079,2018-08-23T19:00:00.000+02:00,179121
1080,2018-08-23T20:00:00.000+02:00,24956
1081,2018-08-23T21:00:00.000+02:00,215976
1082,2018-08-23T22:00:00.000+02:00,221538
1083,2018-08-23T23:00:00.000+02:00,182747
1084,2018-08-24T00:00:00.000+02:00,124705
1085,2018-08-24T01:00:00.000+02:00,73293
1086,2018-08-24T02:00:00.000+02:00,49915
1087,2018-08-24T03:00:00.000+02:00,43335
1088,2018-08-24T04:00:00.000+02:00,46615
1089,2018-08-24T05:00:00.000+02:00,55381
1090,2018-08-24T06:00:00.000+02:00,69434
1091,2018-08-24T07:00:00.000+02:00,99669
1092,2018-08-24T08:00:00.000+02:00,123564
1093,2018-08-24T09:00:00.000+02:00,141369
1094,2018-08-24T10:00:00.000+02:00,168415
1095,2018-08-24T11:00:00.000+02:00,190136
1096,2018-08-24T12:00:00.000+02:00,170125
1097,2018-08-24T13:00:00.000+02:00,166440
1098,2018-08-24T14:00:00.000+02:00,157201
1099,2018-08-24T15:00:00.000+02:00,160672
1100,2018-08-24T16:00:00.000+02:00,183117
1101,2018-08-24T17:00:00.000+02:00,175226
1102,2018-08-24T18:00:00.000+02:00,162674
1103,2018-08-24T19:00:00.000+02:00,136921
1104,2018-08-24T20:00:00.000+02:00,20925
1105,2018-08-24T21:00:00.000+02:00,178720
1106,2018-08-24T22:00:00.000+02:00,176573
1107,2018-08-24T23:00:00.000+02:00,157490
1108,2018-08-25T00:00:00.000+02:00,118957
1109,2018-08-25T01:00:00.000+02:00,75999
1110,2018-08-25T02:00:00.000+02:00,50193
1111,2018-08-25T03:00:00.000+02:00,41587
1112,2018-08-25T04:00:00.000+02:00,40401
1113,2018-08-25T05:00:00.000+02:00,49659
1114,2018-08-25T06:00:00.000+02:00,60728
1115,2018-08-25T07:00:00.000+02:00,88807
1116,2018-08-25T08:00:00.000+02:00,120512
1117,2018-08-25T09:00:00.000+02:00,162502
1118,2018-08-25T10:00:00.000+02:00,241466
1119,2018-08-25T11:00:00.000+02:00,196188
1120,2018-08-25T12:00:00.000+02:00,184756
1121,2018-08-25T13:00:00.000+02:00,170042
1122,2018-08-25T14:00:00.000+02:00,172792
1123,2018-08-25T15:00:00.000+02:00,183044
1124,2018-08-25T16:00:00.000+02:00,204669
1125,2018-08-25T17:00:00.000+02:00,201829
1126,2018-08-25T18:00:00.000+02:00,197084
1127,2018-08-25T19:00:00.000+02:00,163238
1128,2018-08-25T20:00:00.000+02:00,24439
1129,2018-08-25T21:00:00.000+02:00,200649
1130,2018-08-25T22:00:00.000+02:00,204296
1131,2018-08-25T23:00:00.000+02:00,182269
1132,2018-08-26T00:00:00.000+02:00,133140
1133,2018-08-26T01:00:00.000+02:00,85939
1134,2018-08-26T02:00:00.000+02:00,55704
1135,2018-08-26T03:00:00.000+02:00,43004
1136,2018-08-26T04:00:00.000+02:00,41853
1137,2018-08-26T05:00:00.000+02:00,43978
1138,2018-08-26T06:00:00.000+02:00,57182
1139,2018-08-26T07:00:00.000+02:00,79964
1140,2018-08-26T08:00:00.000+02:00,110746
1141,2018-08-26T09:00:00.000+02:00,137919
1142,2018-08-26T10:00:00.000+02:00,156722
1143,2018-08-26T11:00:00.000+02:00,150461
1144,2018-08-26T12:00:00.000+02:00,153682
1145,2018-08-26T13:00:00.000+02:00,153823
1146,2018-08-26T14:00:00.000+02:00,163410
1147,2018-08-26T15:00:00.000+02:00,173024
1148,2018-08-26T16:00:00.000+02:00,188407
1149,2018-08-26T17:00:00.000+02:00,196878
1150,2018-08-26T18:00:00.000+02:00,190466
1151,2018-08-26T19:00:00.000+02:00,165275
1152,2018-08-26T20:00:00.000+02:00,25544
1153,2018-08-26T21:00:00.000+02:00,214197
1154,2018-08-26T22:00:00.000+02:00,216585
1155,2018-08-26T23:00:00.000+02:00,185999
1156,2018-08-27T00:00:00.000+02:00,121384
1157,2018-08-27T01:00:00.000+02:00,71770
1158,2018-08-27T02:00:00.000+02:00,48642
1159,2018-08-27T03:00:00.000+02:00,42515
1160,2018-08-27T04:00:00.000+02:00,39731
1161,2018-08-27T05:00:00.000+02:00,43251
1162,2018-08-27T06:00:00.000+02:00,56888
1163,2018-08-27T07:00:00.000+02:00,82107
1164,2018-08-27T08:00:00.000+02:00,101251
1165,2018-08-27T09:00:00.000+02:00,132916
1166,2018-08-27T10:00:00.000+02:00,150329
1167,2018-08-27T11:00:00.000+02:00,156668
1168,2018-08-27T12:00:00.000+02:00,164992
1169,2018-08-27T13:00:00.000+02:00,168663
1170,2018-08-27T14:00:00.000+02:00,164345
1171,2018-08-27T15:00:00.000+02:00,179623
1172,2018-08-27T16:00:00.000+02:00,192726
1173,2018-08-27T17:00:00.000+02:00,190011
1174,2018-08-27T18:00:00.000+02:00,187229
1175,2018-08-27T19:00:00.000+02:00,193904
1176,2018-08-27T20:00:00.000+02:00,29615
1177,2018-08-27T21:00:00.000+02:00,240276
1178,2018-08-27T22:00:00.000+02:00,247093
1179,2018-08-27T23:00:00.000+02:00,200049
1180,2018-08-28T00:00:00.000+02:00,128089
1181,2018-08-28T01:00:00.000+02:00,76257
1182,2018-08-28T02:00:00.000+02:00,50919
1183,2018-08-28T03:00:00.000+02:00,42410
1184,2018-08-28T04:00:00.000+02:00,43566
1185,2018-08-28T05:00:00.000+02:00,50265
1186,2018-08-28T06:00:00.000+02:00,70625
1187,2018-08-28T07:00:00.000+02:00,97031
1188,2018-08-28T08:00:00.000+02:00,122064
1189,2018-08-28T09:00:00.000+02:00,139147
1190,2018-08-28T10:00:00.000+02:00,152170
1191,2018-08-28T11:00:00.000+02:00,157709
1192,2018-08-28T12:00:00.000+02:00,157576
1193,2018-08-28T13:00:00.000+02:00,162209
1194,2018-08-28T14:00:00.000+02:00,163326
1195,2018-08-28T15:00:00.000+02:00,176502
1196,2018-08-28T16:00:00.000+02:00,191564
1197,2018-08-28T17:00:00.000+02:00,186585
1198,2018-08-28T18:00:00.000+02:00,171426
1199,2018-08-28T19:00:00.000+02:00,147332
1200,2018-08-28T20:00:00.000+02:00,23340
1201,2018-08-28T21:00:00.000+02:00,213385
1202,2018-08-28T22:00:00.000+02:00,221152
1203,2018-08-28T23:00:00.000+02:00,194147
1204,2018-08-29T00:00:00.000+02:00,127499
1205,2018-08-29T01:00:00.000+02:00,76320
1206,2018-08-29T02:00:00.000+02:00,49580
1207,2018-08-29T03:00:00.000+02:00,43698
1208,2018-08-29T04:00:00.000+02:00,44551
1209,2018-08-29T05:00:00.000+02:00,51854
1210,2018-08-29T06:00:00.000+02:00,64618
1211,2018-08-29T07:00:00.000+02:00,86975
1212,2018-08-29T08:00:00.000+02:00,124810
1213,2018-08-29T09:00:00.000+02:00,134890
1214,2018-08-29T10:00:00.000+02:00,143851
1215,2018-08-29T11:00:00.000+02:00,147530
1216,2018-08-29T12:00:00.000+02:00,147319
1217,2018-08-29T13:00:00.000+02:00,152905
1218,2018-08-29T14:00:00.000+02:00,155429
1219,2018-08-29T15:00:00.000+02:00,164362
1220,2018-08-29T16:00:00.000+02:00,176099
1221,2018-08-29T17:00:00.000+02:00,170358
1222,2018-08-29T18:00:00.000+02:00,158365
1223,2018-08-29T19:00:00.000+02:00,139395
1224,2018-08-29T20:00:00.000+02:00,23912
1225,2018-08-29T21:00:00.000+02:00,199115
1226,2018-08-29T22:00:00.000+02:00,206521
1227,2018-08-29T23:00:00.000+02:00,181648
1228,2018-08-30T00:00:00.000+02:00,119627
1229,2018-08-30T01:00:00.000+02:00,67645
1230,2018-08-30T02:00:00.000+02:00,44209
1231,2018-08-30T03:00:00.000+02:00,42506
1232,2018-08-30T04:00:00.000+02:00,43066
1233,2018-08-30T05:00:00.000+02:00,45932
1234,2018-08-30T06:00:00.000+02:00,64066
1235,2018-08-30T07:00:00.000+02:00,84725
1236,2018-08-30T08:00:00.000+02:00,115866
1237,2018-08-30T09:00:00.000+02:00,135703
1238,2018-08-30T10:00:00.000+02:00,141010
1239,2018-08-30T11:00:00.000+02:00,140355
1240,2018-08-30T12:00:00.000+02:00,150321
1241,2018-08-30T13:00:00.000+02:00,149225
1242,2018-08-30T14:00:00.000+02:00,156449
1243,2018-08-30T15:00:00.000+02:00,171531
1244,2018-08-30T16:00:00.000+02:00,191673
1245,2018-08-30T17:00:00.000+02:00,170201
1246,2018-08-30T18:00:00.000+02:00,157612
1247,2018-08-30T19:00:00.000+02:00,135037
1248,2018-08-30T20:00:00.000+02:00,22093
1249,2018-08-30T21:00:00.000+02:00,191116
1250,2018-08-30T22:00:00.000+02:00,202258
1251,2018-08-30T23:00:00.000+02:00,179748
1252,2018-08-31T00:00:00.000+02:00,120707
1253,2018-08-31T01:00:00.000+02:00,67764
1254,2018-08-31T02:00:00.000+02:00,45210
1255,2018-08-31T03:00:00.000+02:00,40311
1256,2018-08-31T04:00:00.000+02:00,40581
1257,2018-08-31T05:00:00.000+02:00,48953
1258,2018-08-31T06:00:00.000+02:00,65882
1259,2018-08-31T07:00:00.000+02:00,89151
1260,2018-08-31T08:00:00.000+02:00,113042
1261,2018-08-31T09:00:00.000+02:00,136476
1262,2018-08-31T10:00:00.000+02:00,144048
1263,2018-08-31T11:00:00.000+02:00,144940
1264,2018-08-31T12:00:00.000+02:00,163067
1265,2018-08-31T13:00:00.000+02:00,208030
1266,2018-08-31T14:00:00.000+02:00,175798
1267,2018-08-31T15:00:00.000+02:00,169858
1268,2018-08-31T16:00:00.000+02:00,175402
1269,2018-08-31T17:00:00.000+02:00,176608
1270,2018-08-31T18:00:00.000+02:00,164630
1271,2018-08-31T19:00:00.000+02:00,140731
1272,2018-08-31T20:00:00.000+02:00,21622
1273,2018-08-31T21:00:00.000+02:00,187866
1274,2018-08-31T22:00:00.000+02:00,197515
1275,2018-08-31T23:00:00.000+02:00,173548
1276,2018-09-01T00:00:00.000+02:00,122585
1277,2018-09-01T01:00:00.000+02:00,72888
1278,2018-09-01T02:00:00.000+02:00,47066
1279,2018-09-01T03:00:00.000+02:00,37850
1280,2018-09-01T04:00:00.000+02:00,36313
1281,2018-09-01T05:00:00.000+02:00,40074
1282,2018-09-01T06:00:00.000+02:00,53874
1283,2018-09-01T07:00:00.000+02:00,74200
1284,2018-09-01T08:00:00.000+02:00,103605
1285,2018-09-01T09:00:00.000+02:00,128089
1286,2018-09-01T10:00:00.000+02:00,129552
1287,2018-09-01T11:00:00.000+02:00,130239
1288,2018-09-01T12:00:00.000+02:00,161445
1289,2018-09-01T13:00:00.000+02:00,156678
1290,2018-09-01T14:00:00.000+02:00,161322
1291,2018-09-01T15:00:00.000+02:00,177682
1292,2018-09-01T16:00:00.000+02:00,187141
1293,2018-09-01T17:00:00.000+02:00,183228
1294,2018-09-01T18:00:00.000+02:00,171606
1295,2018-09-01T19:00:00.000+02:00,151536
1296,2018-09-01T20:00:00.000+02:00,22898
1297,2018-09-01T21:00:00.000+02:00,192879
1298,2018-09-01T22:00:00.000+02:00,188646
1299,2018-09-01T23:00:00.000+02:00,168309
1300,2018-09-02T00:00:00.000+02:00,122052
1301,2018-09-02T01:00:00.000+02:00,76961
1302,2018-09-02T02:00:00.000+02:00,50392
1303,2018-09-02T03:00:00.000+02:00,39471
1304,2018-09-02T04:00:00.000+02:00,39083
1305,2018-09-02T05:00:00.000+02:00,38030
1306,2018-09-02T06:00:00.000+02:00,45967
1307,2018-09-02T07:00:00.000+02:00,65638
1308,2018-09-02T08:00:00.000+02:00,103316
1309,2018-09-02T09:00:00.000+02:00,168468
1310,2018-09-02T10:00:00.000+02:00,224815
1311,2018-09-02T11:00:00.000+02:00,195339
1312,2018-09-02T12:00:00.000+02:00,176123
1313,2018-09-02T13:00:00.000+02:00,167088
1314,2018-09-02T14:00:00.000+02:00,166581
1315,2018-09-02T15:00:00.000+02:00,196984
1316,2018-09-02T16:00:00.000+02:00,226183
1317,2018-09-02T17:00:00.000+02:00,214897
1318,2018-09-02T18:00:00.000+02:00,206564
1319,2018-09-02T19:00:00.000+02:00,179298
1320,2018-09-02T20:00:00.000+02:00,26390
1321,2018-09-02T21:00:00.000+02:00,229993
1322,2018-09-02T22:00:00.000+02:00,234773
1323,2018-09-02T23:00:00.000+02:00,195700
1324,2018-09-03T00:00:00.000+02:00,118020
1325,2018-09-03T01:00:00.000+02:00,69202
1326,2018-09-03T02:00:00.000+02:00,48563
1327,2018-09-03T03:00:00.000+02:00,42648
1328,2018-09-03T04:00:00.000+02:00,42749
1329,2018-09-03T05:00:00.000+02:00,45264
1330,2018-09-03T06:00:00.000+02:00,56524
1331,2018-09-03T07:00:00.000+02:00,76153
1332,2018-09-03T08:00:00.000+02:00,103257
1333,2018-09-03T09:00:00.000+02:00,119322
1334,2018-09-03T10:00:00.000+02:00,130557
1335,2018-09-03T11:00:00.000+02:00,137289
1336,2018-09-03T12:00:00.000+02:00,155204
1337,2018-09-03T13:00:00.000+02:00,154526
1338,2018-09-03T14:00:00.000+02:00,155717
1339,2018-09-03T15:00:00.000+02:00,165220
1340,2018-09-03T16:00:00.000+02:00,172508
1341,2018-09-03T17:00:00.000+02:00,169701
1342,2018-09-03T18:00:00.000+02:00,162189
1343,2018-09-03T19:00:00.000+02:00,139577
1344,2018-09-03T20:00:00.000+02:00,24269
1345,2018-09-03T21:00:00.000+02:00,205724
1346,2018-09-03T22:00:00.000+02:00,215389
1347,2018-09-03T23:00:00.000+02:00,176611
1348,2018-09-04T00:00:00.000+02:00,109588
1349,2018-09-04T01:00:00.000+02:00,60613
1350,2018-09-04T02:00:00.000+02:00,40641
1351,2018-09-04T03:00:00.000+02:00,38367
1352,2018-09-04T04:00:00.000+02:00,39104
1353,2018-09-04T05:00:00.000+02:00,43413
1354,2018-09-04T06:00:00.000+02:00,55619
1355,2018-09-04T07:00:00.000+02:00,77763
1356,2018-09-04T08:00:00.000+02:00,98392
1357,2018-09-04T09:00:00.000+02:00,133647
1358,2018-09-04T10:00:00.000+02:00,137814
1359,2018-09-04T11:00:00.000+02:00,134176
1360,2018-09-04T12:00:00.000+02:00,137126
1361,2018-09-04T13:00:00.000+02:00,143499
1362,2018-09-04T14:00:00.000+02:00,101474
1363,2018-09-04T15:00:00.000+02:00,151415
1364,2018-09-04T16:00:00.000+02:00,160132
1365,2018-09-04T17:00:00.000+02:00,156245
1366,2018-09-04T18:00:00.000+02:00,151620
1367,2018-09-04T19:00:00.000+02:00,130900
1368,2018-09-04T20:00:00.000+02:00,22226
1369,2018-09-04T21:00:00.000+02:00,197228
1370,2018-09-04T22:00:00.000+02:00,205587
1371,2018-09-04T23:00:00.000+02:00,170614
1372,2018-09-05T00:00:00.000+02:00,107711
1373,2018-09-05T01:00:00.000+02:00,55345
1374,2018-09-05T02:00:00.000+02:00,38495
1375,2018-09-05T03:00:00.000+02:00,33278
1376,2018-09-05T04:00:00.000+02:00,35059
1377,2018-09-05T05:00:00.000+02:00,41280
1378,2018-09-05T06:00:00.000+02:00,53002
1379,2018-09-05T07:00:00.000+02:00,78038
1380,2018-09-05T08:00:00.000+02:00,99206
1381,2018-09-05T09:00:00.000+02:00,111683
1382,2018-09-05T10:00:00.000+02:00,126045
1383,2018-09-05T11:00:00.000+02:00,128735
1384,2018-09-05T12:00:00.000+02:00,127817
1385,2018-09-05T13:00:00.000+02:00,136898
1386,2018-09-05T14:00:00.000+02:00,136227
1387,2018-09-05T15:00:00.000+02:00,159937
1388,2018-09-05T16:00:00.000+02:00,177757
1389,2018-09-05T17:00:00.000+02:00,161686
1390,2018-09-05T18:00:00.000+02:00,160567
1391,2018-09-05T19:00:00.000+02:00,140546
1392,2018-09-05T20:00:00.000+02:00,23572
1393,2018-09-05T21:00:00.000+02:00,198832
1394,2018-09-05T22:00:00.000+02:00,215083
1395,2018-09-05T23:00:00.000+02:00,174248
1396,2018-09-06T00:00:00.000+02:00,106905
1397,2018-09-06T01:00:00.000+02:00,56249
1398,2018-09-06T02:00:00.000+02:00,38068
1399,2018-09-06T03:00:00.000+02:00,35583
1400,2018-09-06T04:00:00.000+02:00,36998
1401,2018-09-06T05:00:00.000+02:00,39962
1402,2018-09-06T06:00:00.000+02:00,55239
1403,2018-09-06T07:00:00.000+02:00,80334
1404,2018-09-06T08:00:00.000+02:00,102673
1405,2018-09-06T09:00:00.000+02:00,120398
1406,2018-09-06T10:00:00.000+02:00,130260
1407,2018-09-06T11:00:00.000+02:00,134836
1408,2018-09-06T12:00:00.000+02:00,131635
1409,2018-09-06T13:00:00.000+02:00,137694
1410,2018-09-06T14:00:00.000+02:00,138490
1411,2018-09-06T15:00:00.000+02:00,154020
1412,2018-09-06T16:00:00.000+02:00,154532
1413,2018-09-06T17:00:00.000+02:00,149263
1414,2018-09-06T18:00:00.000+02:00,142022
1415,2018-09-06T19:00:00.000+02:00,123230
1416,2018-09-06T20:00:00.000+02:00,20573
1417,2018-09-06T21:00:00.000+02:00,183420
1418,2018-09-06T22:00:00.000+02:00,199727
1419,2018-09-06T23:00:00.000+02:00,161672
1420,2018-09-07T00:00:00.000+02:00,104371
1421,2018-09-07T01:00:00.000+02:00,52206
1422,2018-09-07T02:00:00.000+02:00,38080
1423,2018-09-07T03:00:00.000+02:00,35046
1424,2018-09-07T04:00:00.000+02:00,33464
1425,2018-09-07T05:00:00.000+02:00,41850
1426,2018-09-07T06:00:00.000+02:00,50563
1427,2018-09-07T07:00:00.000+02:00,71522
1428,2018-09-07T08:00:00.000+02:00,96250
1429,2018-09-07T09:00:00.000+02:00,116177
1430,2018-09-07T10:00:00.000+02:00,136391
1431,2018-09-07T11:00:00.000+02:00,131914
1432,2018-09-07T12:00:00.000+02:00,129532
1433,2018-09-07T13:00:00.000+02:00,130895
1434,2018-09-07T14:00:00.000+02:00,137737
1435,2018-09-07T15:00:00.000+02:00,149948
1436,2018-09-07T16:00:00.000+02:00,156022
1437,2018-09-07T17:00:00.000+02:00,149535
1438,2018-09-07T18:00:00.000+02:00,142037
1439,2018-09-07T19:00:00.000+02:00,125529
1440,2018-09-07T20:00:00.000+02:00,19348
1441,2018-09-07T21:00:00.000+02:00,177010
1442,2018-09-07T22:00:00.000+02:00,179913
1443,2018-09-07T23:00:00.000+02:00,151313
1444,2018-09-08T00:00:00.000+02:00,103131
1445,2018-09-08T01:00:00.000+02:00,65373
1446,2018-09-08T02:00:00.000+02:00,40149
1447,2018-09-08T03:00:00.000+02:00,33238
1448,2018-09-08T04:00:00.000+02:00,34400
1449,2018-09-08T05:00:00.000+02:00,36546
1450,2018-09-08T06:00:00.000+02:00,46755
1451,2018-09-08T07:00:00.000+02:00,70942
1452,2018-09-08T08:00:00.000+02:00,95937
1453,2018-09-08T09:00:00.000+02:00,117683
1454,2018-09-08T10:00:00.000+02:00,123082
1455,2018-09-08T11:00:00.000+02:00,123845
1456,2018-09-08T12:00:00.000+02:00,122682
1457,2018-09-08T13:00:00.000+02:00,127590
1458,2018-09-08T14:00:00.000+02:00,131912
1459,2018-09-08T15:00:00.000+02:00,158291
1460,2018-09-08T16:00:00.000+02:00,173623
1461,2018-09-08T17:00:00.000+02:00,175739
1462,2018-09-08T18:00:00.000+02:00,170227
1463,2018-09-08T19:00:00.000+02:00,148071
1464,2018-09-08T20:00:00.000+02:00,23259
1465,2018-09-08T21:00:00.000+02:00,194612
1466,2018-09-08T22:00:00.000+02:00,199623
1467,2018-09-08T23:00:00.000+02:00,171172
1468,2018-09-09T00:00:00.000+02:00,121191
1469,2018-09-09T01:00:00.000+02:00,71459
1470,2018-09-09T02:00:00.000+02:00,51187
1471,2018-09-09T03:00:00.000+02:00,40562
1472,2018-09-09T04:00:00.000+02:00,38012
1473,2018-09-09T05:00:00.000+02:00,37242
1474,2018-09-09T06:00:00.000+02:00,46761
1475,2018-09-09T07:00:00.000+02:00,64489
1476,2018-09-09T08:00:00.000+02:00,96258
1477,2018-09-09T09:00:00.000+02:00,120395
1478,2018-09-09T10:00:00.000+02:00,156881
1479,2018-09-09T11:00:00.000+02:00,148519
1480,2018-09-09T12:00:00.000+02:00,145926
1481,2018-09-09T13:00:00.000+02:00,146489
1482,2018-09-09T14:00:00.000+02:00,145168
1483,2018-09-09T15:00:00.000+02:00,164845
1484,2018-09-09T16:00:00.000+02:00,194332
1485,2018-09-09T17:00:00.000+02:00,193659
1486,2018-09-09T18:00:00.000+02:00,188059
1487,2018-09-09T19:00:00.000+02:00,170322
1488,2018-09-09T20:00:00.000+02:00,25598
1489,2018-09-09T21:00:00.000+02:00,227026
1490,2018-09-09T22:00:00.000+02:00,226038
1491,2018-09-09T23:00:00.000+02:00,175613
1492,2018-09-10T00:00:00.000+02:00,110763
1493,2018-09-10T01:00:00.000+02:00,61700
1494,2018-09-10T02:00:00.000+02:00,45039
1495,2018-09-10T03:00:00.000+02:00,38517
1496,2018-09-10T04:00:00.000+02:00,39308
1497,2018-09-10T05:00:00.000+02:00,40879
1498,2018-09-10T06:00:00.000+02:00,51062
1499,2018-09-10T07:00:00.000+02:00,72953
1500,2018-09-10T08:00:00.000+02:00,91587
1501,2018-09-10T09:00:00.000+02:00,107485
1502,2018-09-10T10:00:00.000+02:00,124989
1503,2018-09-10T11:00:00.000+02:00,130902
1504,2018-09-10T12:00:00.000+02:00,134895
1505,2018-09-10T13:00:00.000+02:00,135692
1506,2018-09-10T14:00:00.000+02:00,138549
1507,2018-09-10T15:00:00.000+02:00,151026
1508,2018-09-10T16:00:00.000+02:00,156903
1509,2018-09-10T17:00:00.000+02:00,150164
1510,2018-09-10T18:00:00.000+02:00,143629
1511,2018-09-10T19:00:00.000+02:00,150074
1512,2018-09-10T20:00:00.000+02:00,25151
1513,2018-09-10T21:00:00.000+02:00,216530
1514,2018-09-10T22:00:00.000+02:00,230911
1515,2018-09-10T23:00:00.000+02:00,171584
1516,2018-09-11T00:00:00.000+02:00,104711
1517,2018-09-11T01:00:00.000+02:00,56456
1518,2018-09-11T02:00:00.000+02:00,39368
1519,2018-09-11T03:00:00.000+02:00,33745
1520,2018-09-11T04:00:00.000+02:00,38873
1521,2018-09-11T05:00:00.000+02:00,41913
1522,2018-09-11T06:00:00.000+02:00,56359
1523,2018-09-11T07:00:00.000+02:00,84623
1524,2018-09-11T08:00:00.000+02:00,102266
1525,2018-09-11T09:00:00.000+02:00,118268
1526,2018-09-11T10:00:00.000+02:00,127521
1527,2018-09-11T11:00:00.000+02:00,131245
1528,2018-09-11T12:00:00.000+02:00,135222
1529,2018-09-11T13:00:00.000+02:00,139776
1530,2018-09-11T14:00:00.000+02:00,143574
1531,2018-09-11T15:00:00.000+02:00,148756
1532,2018-09-11T16:00:00.000+02:00,159502
1533,2018-09-11T17:00:00.000+02:00,149395
1534,2018-09-11T18:00:00.000+02:00,139747
1535,2018-09-11T19:00:00.000+02:00,128766
1536,2018-09-11T20:00:00.000+02:00,21719
1537,2018-09-11T21:00:00.000+02:00,193090
1538,2018-09-11T22:00:00.000+02:00,201418
1539,2018-09-11T23:00:00.000+02:00,154306
1540,2018-09-12T00:00:00.000+02:00,90789
1541,2018-09-12T01:00:00.000+02:00,49339
1542,2018-09-12T02:00:00.000+02:00,37469
1543,2018-09-12T03:00:00.000+02:00,34217
1544,2018-09-12T04:00:00.000+02:00,35092
1545,2018-09-12T05:00:00.000+02:00,38791
1546,2018-09-12T06:00:00.000+02:00,51886
1547,2018-09-12T07:00:00.000+02:00,73565
1548,2018-09-12T08:00:00.000+02:00,97700
1549,2018-09-12T09:00:00.000+02:00,113225
1550,2018-09-12T10:00:00.000+02:00,124498
1551,2018-09-12T11:00:00.000+02:00,124554
1552,2018-09-12T12:00:00.000+02:00,128165
1553,2018-09-12T13:00:00.000+02:00,139108
1554,2018-09-12T14:00:00.000+02:00,139124
1555,2018-09-12T15:00:00.000+02:00,145419
1556,2018-09-12T16:00:00.000+02:00,149009
1557,2018-09-12T17:00:00.000+02:00,146066
1558,2018-09-12T18:00:00.000+02:00,158020
1559,2018-09-12T19:00:00.000+02:00,150038
1560,2018-09-12T20:00:00.000+02:00,22897
1561,2018-09-12T21:00:00.000+02:00,212130
1562,2018-09-12T22:00:00.000+02:00,227780
1563,2018-09-12T23:00:00.000+02:00,173954
1564,2018-09-13T00:00:00.000+02:00,100016
1565,2018-09-13T01:00:00.000+02:00,55460
1566,2018-09-13T02:00:00.000+02:00,39231
1567,2018-09-13T03:00:00.000+02:00,36475
1568,2018-09-13T04:00:00.000+02:00,37235
1569,2018-09-13T05:00:00.000+02:00,42008
1570,2018-09-13T06:00:00.000+02:00,57958
1571,2018-09-13T07:00:00.000+02:00,81885
1572,2018-09-13T08:00:00.000+02:00,109940
1573,2018-09-13T09:00:00.000+02:00,118616
1574,2018-09-13T10:00:00.000+02:00,134300
1575,2018-09-13T11:00:00.000+02:00,133975
1576,2018-09-13T12:00:00.000+02:00,132141
1577,2018-09-13T13:00:00.000+02:00,137004
1578,2018-09-13T14:00:00.000+02:00,134325
1579,2018-09-13T15:00:00.000+02:00,145702
1580,2018-09-13T16:00:00.000+02:00,145957
1581,2018-09-13T17:00:00.000+02:00,140079
1582,2018-09-13T18:00:00.000+02:00,138250
1583,2018-09-13T19:00:00.000+02:00,127373
1584,2018-09-13T20:00:00.000+02:00,20025
1585,2018-09-13T21:00:00.000+02:00,188438
1586,2018-09-13T22:00:00.000+02:00,193884
1587,2018-09-13T23:00:00.000+02:00,157089
1588,2018-09-14T00:00:00.000+02:00,91973
1589,2018-09-14T01:00:00.000+02:00,50184
1590,2018-09-14T02:00:00.000+02:00,37049
1591,2018-09-14T03:00:00.000+02:00,32764
1592,2018-09-14T04:00:00.000+02:00,35502
1593,2018-09-14T05:00:00.000+02:00,37746
1594,2018-09-14T06:00:00.000+02:00,51112
1595,2018-09-14T07:00:00.000+02:00,76041
1596,2018-09-14T08:00:00.000+02:00,98595
1597,2018-09-14T09:00:00.000+02:00,114227
1598,2018-09-14T10:00:00.000+02:00,127053
1599,2018-09-14T11:00:00.000+02:00,126459
1600,2018-09-14T12:00:00.000+02:00,123678
1601,2018-09-14T13:00:00.000+02:00,126104
1602,2018-09-14T14:00:00.000+02:00,126356
1603,2018-09-14T15:00:00.000+02:00,140202
1604,2018-09-14T16:00:00.000+02:00,142448
1605,2018-09-14T17:00:00.000+02:00,142465
1606,2018-09-14T18:00:00.000+02:00,138795
1607,2018-09-14T19:00:00.000+02:00,123848
1608,2018-09-14T20:00:00.000+02:00,19636
1609,2018-09-14T21:00:00.000+02:00,172410
1610,2018-09-14T22:00:00.000+02:00,177697
1611,2018-09-14T23:00:00.000+02:00,149993
1612,2018-09-15T00:00:00.000+02:00,100362
1613,2018-09-15T01:00:00.000+02:00,57536
1614,2018-09-15T02:00:00.000+02:00,38818
1615,2018-09-15T03:00:00.000+02:00,33136
1616,2018-09-15T04:00:00.000+02:00,33663
1617,2018-09-15T05:00:00.000+02:00,39030
1618,2018-09-15T06:00:00.000+02:00,48682
1619,2018-09-15T07:00:00.000+02:00,71589
1620,2018-09-15T08:00:00.000+02:00,98327
1621,2018-09-15T09:00:00.000+02:00,120078
1622,2018-09-15T10:00:00.000+02:00,122255
1623,2018-09-15T11:00:00.000+02:00,120473
1624,2018-09-15T12:00:00.000+02:00,140149
1625,2018-09-15T13:00:00.000+02:00,143977
1626,2018-09-15T14:00:00.000+02:00,148825
1627,2018-09-15T15:00:00.000+02:00,161664
1628,2018-09-15T16:00:00.000+02:00,184307
1629,2018-09-15T17:00:00.000+02:00,186228
1630,2018-09-15T18:00:00.000+02:00,176261
1631,2018-09-15T19:00:00.000+02:00,155396
1632,2018-09-15T20:00:00.000+02:00,24286
1633,2018-09-15T21:00:00.000+02:00,202967
1634,2018-09-15T22:00:00.000+02:00,206560
1635,2018-09-15T23:00:00.000+02:00,185182
1636,2018-09-16T00:00:00.000+02:00,127972
1637,2018-09-16T01:00:00.000+02:00,73318
1638,2018-09-16T02:00:00.000+02:00,45537
1639,2018-09-16T03:00:00.000+02:00,35612
1640,2018-09-16T04:00:00.000+02:00,32222
1641,2018-09-16T05:00:00.000+02:00,35611
1642,2018-09-16T06:00:00.000+02:00,41036
1643,2018-09-16T07:00:00.000+02:00,65646
1644,2018-09-16T08:00:00.000+02:00,97122
1645,2018-09-16T09:00:00.000+02:00,137427
1646,2018-09-16T10:00:00.000+02:00,164742
1647,2018-09-16T11:00:00.000+02:00,163922
1648,2018-09-16T12:00:00.000+02:00,153253
1649,2018-09-16T13:00:00.000+02:00,155813
1650,2018-09-16T14:00:00.000+02:00,156848
1651,2018-09-16T15:00:00.000+02:00,171326
1652,2018-09-16T16:00:00.000+02:00,199739
1653,2018-09-16T17:00:00.000+02:00,203639
1654,2018-09-16T18:00:00.000+02:00,192403
1655,2018-09-16T19:00:00.000+02:00,175559
1656,2018-09-16T20:00:00.000+02:00,26328
1657,2018-09-16T21:00:00.000+02:00,236659
1658,2018-09-16T22:00:00.000+02:00,236721
1659,2018-09-16T23:00:00.000+02:00,181401
1660,2018-09-17T00:00:00.000+02:00,106541
1661,2018-09-17T01:00:00.000+02:00,59924
1662,2018-09-17T02:00:00.000+02:00,42828
1663,2018-09-17T03:00:00.000+02:00,38764
1664,2018-09-17T04:00:00.000+02:00,36781
1665,2018-09-17T05:00:00.000+02:00,38684
1666,2018-09-17T06:00:00.000+02:00,51050
1667,2018-09-17T07:00:00.000+02:00,71682
1668,2018-09-17T08:00:00.000+02:00,94455
1669,2018-09-17T09:00:00.000+02:00,113100
1670,2018-09-17T10:00:00.000+02:00,124439
1671,2018-09-17T11:00:00.000+02:00,135048
1672,2018-09-17T12:00:00.000+02:00,133915
1673,2018-09-17T13:00:00.000+02:00,138969
1674,2018-09-17T14:00:00.000+02:00,138671
1675,2018-09-17T15:00:00.000+02:00,147992
1676,2018-09-17T16:00:00.000+02:00,150503
1677,2018-09-17T17:00:00.000+02:00,147232
1678,2018-09-17T18:00:00.000+02:00,168523
1679,2018-09-17T19:00:00.000+02:00,149004
1680,2018-09-17T20:00:00.000+02:00,23459
1681,2018-09-17T21:00:00.000+02:00,216195
1682,2018-09-17T22:00:00.000+02:00,222810
1683,2018-09-17T23:00:00.000+02:00,168551
1684,2018-09-18T00:00:00.000+02:00,94102
1685,2018-09-18T01:00:00.000+02:00,48908
1686,2018-09-18T02:00:00.000+02:00,34689
1687,2018-09-18T03:00:00.000+02:00,33751
1688,2018-09-18T04:00:00.000+02:00,35333
1689,2018-09-18T05:00:00.000+02:00,41335
1690,2018-09-18T06:00:00.000+02:00,57800
1691,2018-09-18T07:00:00.000+02:00,79198
1692,2018-09-18T08:00:00.000+02:00,110282
1693,2018-09-18T09:00:00.000+02:00,121111
1694,2018-09-18T10:00:00.000+02:00,125381
1695,2018-09-18T11:00:00.000+02:00,135242
1696,2018-09-18T12:00:00.000+02:00,136264
1697,2018-09-18T13:00:00.000+02:00,142491
1698,2018-09-18T14:00:00.000+02:00,141695
1699,2018-09-18T15:00:00.000+02:00,153131
1700,2018-09-18T16:00:00.000+02:00,161848
1701,2018-09-18T17:00:00.000+02:00,152670
1702,2018-09-18T18:00:00.000+02:00,155845
1703,2018-09-18T19:00:00.000+02:00,141694
1704,2018-09-18T20:00:00.000+02:00,23403
1705,2018-09-18T21:00:00.000+02:00,220477
1706,2018-09-18T22:00:00.000+02:00,237942
1707,2018-09-18T23:00:00.000+02:00,180691
1708,2018-09-19T00:00:00.000+02:00,105182
1709,2018-09-19T01:00:00.000+02:00,52108
1710,2018-09-19T02:00:00.000+02:00,36431
1711,2018-09-19T03:00:00.000+02:00,37307
1712,2018-09-19T04:00:00.000+02:00,37602
1713,2018-09-19T05:00:00.000+02:00,41996
1714,2018-09-19T06:00:00.000+02:00,57139
1715,2018-09-19T07:00:00.000+02:00,84406
1716,2018-09-19T08:00:00.000+02:00,103950
1717,2018-09-19T09:00:00.000+02:00,126547
1718,2018-09-19T10:00:00.000+02:00,135347
1719,2018-09-19T11:00:00.000+02:00,135342
1720,2018-09-19T12:00:00.000+02:00,140924
1721,2018-09-19T13:00:00.000+02:00,142720
1722,2018-09-19T14:00:00.000+02:00,146138
1723,2018-09-19T15:00:00.000+02:00,157097
1724,2018-09-19T16:00:00.000+02:00,176710
1725,2018-09-19T17:00:00.000+02:00,167090
1726,2018-09-19T18:00:00.000+02:00,155758
1727,2018-09-19T19:00:00.000+02:00,141766
1728,2018-09-19T20:00:00.000+02:00,23134
1729,2018-09-19T21:00:00.000+02:00,213564
1730,2018-09-19T22:00:00.000+02:00,232588
1731,2018-09-19T23:00:00.000+02:00,172309
1732,2018-09-20T00:00:00.000+02:00,100837
1733,2018-09-20T01:00:00.000+02:00,54563
1734,2018-09-20T02:00:00.000+02:00,40949
1735,2018-09-20T03:00:00.000+02:00,38462
1736,2018-09-20T04:00:00.000+02:00,41390
1737,2018-09-20T05:00:00.000+02:00,44946
1738,2018-09-20T06:00:00.000+02:00,59148
1739,2018-09-20T07:00:00.000+02:00,84295
1740,2018-09-20T08:00:00.000+02:00,104513
1741,2018-09-20T09:00:00.000+02:00,122404
1742,2018-09-20T10:00:00.000+02:00,128080
1743,2018-09-20T11:00:00.000+02:00,128488
1744,2018-09-20T12:00:00.000+02:00,134491
1745,2018-09-20T13:00:00.000+02:00,139546
1746,2018-09-20T14:00:00.000+02:00,140250
1747,2018-09-20T15:00:00.000+02:00,150968
1748,2018-09-20T16:00:00.000+02:00,158358
1749,2018-09-20T17:00:00.000+02:00,141399
1750,2018-09-20T18:00:00.000+02:00,140191
1751,2018-09-20T19:00:00.000+02:00,129991
1752,2018-09-20T20:00:00.000+02:00,20890
1753,2018-09-20T21:00:00.000+02:00,197841
1754,2018-09-20T22:00:00.000+02:00,211182
1755,2018-09-20T23:00:00.000+02:00,162214
1756,2018-09-21T00:00:00.000+02:00,97468
1757,2018-09-21T01:00:00.000+02:00,49535
1758,2018-09-21T02:00:00.000+02:00,38284
1759,2018-09-21T03:00:00.000+02:00,34989
1760,2018-09-21T04:00:00.000+02:00,37399
1761,2018-09-21T05:00:00.000+02:00,41445
1762,2018-09-21T06:00:00.000+02:00,55389
1763,2018-09-21T07:00:00.000+02:00,79906
1764,2018-09-21T08:00:00.000+02:00,105113
1765,2018-09-21T09:00:00.000+02:00,119552
1766,2018-09-21T10:00:00.000+02:00,125068
1767,2018-09-21T11:00:00.000+02:00,137046
1768,2018-09-21T12:00:00.000+02:00,133762
1769,2018-09-21T13:00:00.000+02:00,136885
1770,2018-09-21T14:00:00.000+02:00,133530
1771,2018-09-21T15:00:00.000+02:00,145050
1772,2018-09-21T16:00:00.000+02:00,149852
1773,2018-09-21T17:00:00.000+02:00,150194
1774,2018-09-21T18:00:00.000+02:00,149322
1775,2018-09-21T19:00:00.000+02:00,139496
1776,2018-09-21T20:00:00.000+02:00,21553
1777,2018-09-21T21:00:00.000+02:00,191714
1778,2018-09-21T22:00:00.000+02:00,197779
1779,2018-09-21T23:00:00.000+02:00,159304
1780,2018-09-22T00:00:00.000+02:00,107536
1781,2018-09-22T01:00:00.000+02:00,62966
1782,2018-09-22T02:00:00.000+02:00,40366
1783,2018-09-22T03:00:00.000+02:00,36218
1784,2018-09-22T04:00:00.000+02:00,35105
1785,2018-09-22T05:00:00.000+02:00,38300
1786,2018-09-22T06:00:00.000+02:00,50839
1787,2018-09-22T07:00:00.000+02:00,78889
1788,2018-09-22T08:00:00.000+02:00,110691
1789,2018-09-22T09:00:00.000+02:00,124150
1790,2018-09-22T10:00:00.000+02:00,131811
1791,2018-09-22T11:00:00.000+02:00,128993
1792,2018-09-22T12:00:00.000+02:00,158172
1793,2018-09-22T13:00:00.000+02:00,162118
1794,2018-09-22T14:00:00.000+02:00,165955
1795,2018-09-22T15:00:00.000+02:00,180268
1796,2018-09-22T16:00:00.000+02:00,199165
1797,2018-09-22T17:00:00.000+02:00,209299
1798,2018-09-22T18:00:00.000+02:00,202208
1799,2018-09-22T19:00:00.000+02:00,175238
1800,2018-09-22T20:00:00.000+02:00,25700
1801,2018-09-22T21:00:00.000+02:00,224325
1802,2018-09-22T22:00:00.000+02:00,221450
1803,2018-09-22T23:00:00.000+02:00,190440
1804,2018-09-23T00:00:00.000+02:00,131878
1805,2018-09-23T01:00:00.000+02:00,77460
1806,2018-09-23T02:00:00.000+02:00,51025
1807,2018-09-23T03:00:00.000+02:00,40262
1808,2018-09-23T04:00:00.000+02:00,39272
1809,2018-09-23T05:00:00.000+02:00,39023
1810,2018-09-23T06:00:00.000+02:00,48206
1811,2018-09-23T07:00:00.000+02:00,73073
1812,2018-09-23T08:00:00.000+02:00,110127
1813,2018-09-23T09:00:00.000+02:00,143311
1814,2018-09-23T10:00:00.000+02:00,169270
1815,2018-09-23T11:00:00.000+02:00,170511
1816,2018-09-23T12:00:00.000+02:00,173675
1817,2018-09-23T13:00:00.000+02:00,170522
1818,2018-09-23T14:00:00.000+02:00,172495
1819,2018-09-23T15:00:00.000+02:00,200977
1820,2018-09-23T16:00:00.000+02:00,227497
1821,2018-09-23T17:00:00.000+02:00,228216
1822,2018-09-23T18:00:00.000+02:00,223587
1823,2018-09-23T19:00:00.000+02:00,208118
1824,2018-09-23T20:00:00.000+02:00,31340
1825,2018-09-23T21:00:00.000+02:00,267716
1826,2018-09-23T22:00:00.000+02:00,259306
1827,2018-09-23T23:00:00.000+02:00,203016
1828,2018-09-24T00:00:00.000+02:00,116132
1829,2018-09-24T01:00:00.000+02:00,66101
1830,2018-09-24T02:00:00.000+02:00,44638
1831,2018-09-24T03:00:00.000+02:00,40023
1832,2018-09-24T04:00:00.000+02:00,39667
1833,2018-09-24T05:00:00.000+02:00,42236
1834,2018-09-24T06:00:00.000+02:00,55269
1835,2018-09-24T07:00:00.000+02:00,76011
1836,2018-09-24T08:00:00.000+02:00,103982
1837,2018-09-24T09:00:00.000+02:00,126596
1838,2018-09-24T10:00:00.000+02:00,142215
1839,2018-09-24T11:00:00.000+02:00,151432
1840,2018-09-24T12:00:00.000+02:00,158700
1841,2018-09-24T13:00:00.000+02:00,162092
1842,2018-09-24T14:00:00.000+02:00,157157
1843,2018-09-24T15:00:00.000+02:00,169439
1844,2018-09-24T16:00:00.000+02:00,171215
1845,2018-09-24T17:00:00.000+02:00,174442
1846,2018-09-24T18:00:00.000+02:00,168615
1847,2018-09-24T19:00:00.000+02:00,152561
1848,2018-09-24T20:00:00.000+02:00,23454
1849,2018-09-24T21:00:00.000+02:00,231595
1850,2018-09-24T22:00:00.000+02:00,245842
1851,2018-09-24T23:00:00.000+02:00,180674
1852,2018-09-25T00:00:00.000+02:00,104280
1853,2018-09-25T01:00:00.000+02:00,53907
1854,2018-09-25T02:00:00.000+02:00,37524
1855,2018-09-25T03:00:00.000+02:00,35945
1856,2018-09-25T04:00:00.000+02:00,36972
1857,2018-09-25T05:00:00.000+02:00,41841
1858,2018-09-25T06:00:00.000+02:00,55257
1859,2018-09-25T07:00:00.000+02:00,85757
1860,2018-09-25T08:00:00.000+02:00,112019
1861,2018-09-25T09:00:00.000+02:00,134795
1862,2018-09-25T10:00:00.000+02:00,146584
1863,2018-09-25T11:00:00.000+02:00,150182
1864,2018-09-25T12:00:00.000+02:00,153795
1865,2018-09-25T13:00:00.000+02:00,159995
1866,2018-09-25T14:00:00.000+02:00,156899
1867,2018-09-25T15:00:00.000+02:00,167317
1868,2018-09-25T16:00:00.000+02:00,171167
1869,2018-09-25T17:00:00.000+02:00,161984
1870,2018-09-25T18:00:00.000+02:00,167443
1871,2018-09-25T19:00:00.000+02:00,173340
1872,2018-09-25T20:00:00.000+02:00,28763
1873,2018-09-25T21:00:00.000+02:00,249760
1874,2018-09-25T22:00:00.000+02:00,255770
1875,2018-09-25T23:00:00.000+02:00,201709
1876,2018-09-26T00:00:00.000+02:00,102515
1877,2018-09-26T01:00:00.000+02:00,58517
1878,2018-09-26T02:00:00.000+02:00,40230
1879,2018-09-26T03:00:00.000+02:00,37297
1880,2018-09-26T04:00:00.000+02:00,40333
1881,2018-09-26T05:00:00.000+02:00,45313
1882,2018-09-26T06:00:00.000+02:00,63911
1883,2018-09-26T07:00:00.000+02:00,86913
1884,2018-09-26T08:00:00.000+02:00,113140
1885,2018-09-26T09:00:00.000+02:00,138361
1886,2018-09-26T10:00:00.000+02:00,152688
1887,2018-09-26T11:00:00.000+02:00,159312
1888,2018-09-26T12:00:00.000+02:00,157837
1889,2018-09-26T13:00:00.000+02:00,159904
1890,2018-09-26T14:00:00.000+02:00,160232
1891,2018-09-26T15:00:00.000+02:00,170230
1892,2018-09-26T16:00:00.000+02:00,173712
1893,2018-09-26T17:00:00.000+02:00,174731
1894,2018-09-26T18:00:00.000+02:00,183595
1895,2018-09-26T19:00:00.000+02:00,167683
1896,2018-09-26T20:00:00.000+02:00,25619
1897,2018-09-26T21:00:00.000+02:00,241270
1898,2018-09-26T22:00:00.000+02:00,250249
1899,2018-09-26T23:00:00.000+02:00,186483
1900,2018-09-27T00:00:00.000+02:00,102050
1901,2018-09-27T01:00:00.000+02:00,53631
1902,2018-09-27T02:00:00.000+02:00,36652
1903,2018-09-27T03:00:00.000+02:00,37232
1904,2018-09-27T04:00:00.000+02:00,37663
1905,2018-09-27T05:00:00.000+02:00,45744
1906,2018-09-27T06:00:00.000+02:00,57220
1907,2018-09-27T07:00:00.000+02:00,90239
1908,2018-09-27T08:00:00.000+02:00,115610
1909,2018-09-27T09:00:00.000+02:00,139911
1910,2018-09-27T10:00:00.000+02:00,148521
1911,2018-09-27T11:00:00.000+02:00,146173
1912,2018-09-27T12:00:00.000+02:00,143794
1913,2018-09-27T13:00:00.000+02:00,152401
1914,2018-09-27T14:00:00.000+02:00,147717
1915,2018-09-27T15:00:00.000+02:00,163209
1916,2018-09-27T16:00:00.000+02:00,170490
1917,2018-09-27T17:00:00.000+02:00,159247
1918,2018-09-27T18:00:00.000+02:00,161008
1919,2018-09-27T19:00:00.000+02:00,148015
1920,2018-09-27T20:00:00.000+02:00,23244
1921,2018-09-27T21:00:00.000+02:00,227578
1922,2018-09-27T22:00:00.000+02:00,230724
1923,2018-09-27T23:00:00.000+02:00,175796
1924,2018-09-28T00:00:00.000+02:00,99787
1925,2018-09-28T01:00:00.000+02:00,56255
1926,2018-09-28T02:00:00.000+02:00,40272
1927,2018-09-28T03:00:00.000+02:00,36190
1928,2018-09-28T04:00:00.000+02:00,48625
1929,2018-09-28T05:00:00.000+02:00,47591
1930,2018-09-28T06:00:00.000+02:00,55962
1931,2018-09-28T07:00:00.000+02:00,81438
1932,2018-09-28T08:00:00.000+02:00,100428
1933,2018-09-28T09:00:00.000+02:00,120682
1934,2018-09-28T10:00:00.000+02:00,135488
1935,2018-09-28T11:00:00.000+02:00,137085
1936,2018-09-28T12:00:00.000+02:00,140204
1937,2018-09-28T13:00:00.000+02:00,145383
1938,2018-09-28T14:00:00.000+02:00,139708
1939,2018-09-28T15:00:00.000+02:00,150947
1940,2018-09-28T16:00:00.000+02:00,160991
1941,2018-09-28T17:00:00.000+02:00,156365
1942,2018-09-28T18:00:00.000+02:00,162545
1943,2018-09-28T19:00:00.000+02:00,149792
1944,2018-09-28T20:00:00.000+02:00,21744
1945,2018-09-28T21:00:00.000+02:00,211510
1946,2018-09-28T22:00:00.000+02:00,211184
1947,2018-09-28T23:00:00.000+02:00,168437
1948,2018-09-29T00:00:00.000+02:00,108002
1949,2018-09-29T01:00:00.000+02:00,60693
1950,2018-09-29T02:00:00.000+02:00,40339
1951,2018-09-29T03:00:00.000+02:00,35899
1952,2018-09-29T04:00:00.000+02:00,33078
1953,2018-09-29T05:00:00.000+02:00,39806
1954,2018-09-29T06:00:00.000+02:00,54434
1955,2018-09-29T07:00:00.000+02:00,82176
1956,2018-09-29T08:00:00.000+02:00,124267
1957,2018-09-29T09:00:00.000+02:00,142639
1958,2018-09-29T10:00:00.000+02:00,149506
1959,2018-09-29T11:00:00.000+02:00,146972
1960,2018-09-29T12:00:00.000+02:00,150640
1961,2018-09-29T13:00:00.000+02:00,160033
1962,2018-09-29T14:00:00.000+02:00,167777
1963,2018-09-29T15:00:00.000+02:00,195062
1964,2018-09-29T16:00:00.000+02:00,220987
1965,2018-09-29T17:00:00.000+02:00,230202
1966,2018-09-29T18:00:00.000+02:00,231015
1967,2018-09-29T19:00:00.000+02:00,203178
1968,2018-09-29T20:00:00.000+02:00,28042
1969,2018-09-29T21:00:00.000+02:00,254141
1970,2018-09-29T22:00:00.000+02:00,260205
1971,2018-09-29T23:00:00.000+02:00,226842
1972,2018-09-30T00:00:00.000+02:00,147634
1973,2018-09-30T01:00:00.000+02:00,85693
1974,2018-09-30T02:00:00.000+02:00,53420
1975,2018-09-30T03:00:00.000+02:00,41078
1976,2018-09-30T04:00:00.000+02:00,40051
1977,2018-09-30T05:00:00.000+02:00,41086
1978,2018-09-30T06:00:00.000+02:00,47915
1979,2018-09-30T07:00:00.000+02:00,76619
1980,2018-09-30T08:00:00.000+02:00,115999
1981,2018-09-30T09:00:00.000+02:00,156305
1982,2018-09-30T10:00:00.000+02:00,185710
1983,2018-09-30T11:00:00.000+02:00,185112
1984,2018-09-30T12:00:00.000+02:00,181664
1985,2018-09-30T13:00:00.000+02:00,179278
1986,2018-09-30T14:00:00.000+02:00,182848
1987,2018-09-30T15:00:00.000+02:00,205456
1988,2018-09-30T16:00:00.000+02:00,230482
1989,2018-09-30T17:00:00.000+02:00,245579
1990,2018-09-30T18:00:00.000+02:00,237135
1991,2018-09-30T19:00:00.000+02:00,220681
1992,2018-09-30T20:00:00.000+02:00,32055
1993,2018-09-30T21:00:00.000+02:00,299416
1994,2018-09-30T22:00:00.000+02:00,300458
1995,2018-09-30T23:00:00.000+02:00,222236
1996,2018-10-01T00:00:00.000+02:00,134414
1997,2018-10-01T01:00:00.000+02:00,72190
1998,2018-10-01T02:00:00.000+02:00,50623
1999,2018-10-01T03:00:00.000+02:00,41256
2000,2018-10-01T04:00:00.000+02:00,47868
2001,2018-10-01T05:00:00.000+02:00,50420
2002,2018-10-01T06:00:00.000+02:00,52064
2003,2018-10-01T07:00:00.000+02:00,77506
2004,2018-10-01T08:00:00.000+02:00,104667
2005,2018-10-01T09:00:00.000+02:00,140685
2006,2018-10-01T10:00:00.000+02:00,155477
2007,2018-10-01T11:00:00.000+02:00,157577
2008,2018-10-01T12:00:00.000+02:00,157635
2009,2018-10-01T13:00:00.000+02:00,171536
2010,2018-10-01T14:00:00.000+02:00,166516
2011,2018-10-01T15:00:00.000+02:00,174247
2012,2018-10-01T16:00:00.000+02:00,182533
2013,2018-10-01T17:00:00.000+02:00,189781
2014,2018-10-01T18:00:00.000+02:00,186374
2015,2018-10-01T19:00:00.000+02:00,172778
2016,2018-10-01T20:00:00.000+02:00,27671
2017,2018-10-01T21:00:00.000+02:00,259396
2018,2018-10-01T22:00:00.000+02:00,270326
2019,2018-10-01T23:00:00.000+02:00,198376
2020,2018-10-02T00:00:00.000+02:00,112141
2021,2018-10-02T01:00:00.000+02:00,56138
2022,2018-10-02T02:00:00.000+02:00,37303
2023,2018-10-02T03:00:00.000+02:00,34814
2024,2018-10-02T04:00:00.000+02:00,39450
2025,2018-10-02T05:00:00.000+02:00,53594
2026,2018-10-02T06:00:00.000+02:00,60449
2027,2018-10-02T07:00:00.000+02:00,81472
2028,2018-10-02T08:00:00.000+02:00,113941
2029,2018-10-02T09:00:00.000+02:00,141692
2030,2018-10-02T10:00:00.000+02:00,152645
2031,2018-10-02T11:00:00.000+02:00,160375
2032,2018-10-02T12:00:00.000+02:00,162708
2033,2018-10-02T13:00:00.000+02:00,172415
2034,2018-10-02T14:00:00.000+02:00,172848
2035,2018-10-02T15:00:00.000+02:00,181269
2036,2018-10-02T16:00:00.000+02:00,191989
2037,2018-10-02T17:00:00.000+02:00,193215
2038,2018-10-02T18:00:00.000+02:00,196422
2039,2018-10-02T19:00:00.000+02:00,175278
2040,2018-10-02T20:00:00.000+02:00,27322
2041,2018-10-02T21:00:00.000+02:00,263213
2042,2018-10-02T22:00:00.000+02:00,290241
2043,2018-10-02T23:00:00.000+02:00,212534
2044,2018-10-03T00:00:00.000+02:00,117674
2045,2018-10-03T01:00:00.000+02:00,62676
2046,2018-10-03T02:00:00.000+02:00,41325
2047,2018-10-03T03:00:00.000+02:00,36376
2048,2018-10-03T04:00:00.000+02:00,40806
2049,2018-10-03T05:00:00.000+02:00,52181
2050,2018-10-03T06:00:00.000+02:00,60176
2051,2018-10-03T07:00:00.000+02:00,89313
2052,2018-10-03T08:00:00.000+02:00,123297
2053,2018-10-03T09:00:00.000+02:00,147283
2054,2018-10-03T10:00:00.000+02:00,156716
2055,2018-10-03T11:00:00.000+02:00,162203
2056,2018-10-03T12:00:00.000+02:00,162909
2057,2018-10-03T13:00:00.000+02:00,173783
2058,2018-10-03T14:00:00.000+02:00,168907
2059,2018-10-03T15:00:00.000+02:00,183762
2060,2018-10-03T16:00:00.000+02:00,196195
2061,2018-10-03T17:00:00.000+02:00,186692
2062,2018-10-03T18:00:00.000+02:00,184452
2063,2018-10-03T19:00:00.000+02:00,167539
2064,2018-10-03T20:00:00.000+02:00,26936
2065,2018-10-03T21:00:00.000+02:00,261361
2066,2018-10-03T22:00:00.000+02:00,281448
2067,2018-10-03T23:00:00.000+02:00,205602
2068,2018-10-04T00:00:00.000+02:00,111539
2069,2018-10-04T01:00:00.000+02:00,60715
2070,2018-10-04T02:00:00.000+02:00,39657
2071,2018-10-04T03:00:00.000+02:00,38955
2072,2018-10-04T04:00:00.000+02:00,41356
2073,2018-10-04T05:00:00.000+02:00,53047
2074,2018-10-04T06:00:00.000+02:00,59446
2075,2018-10-04T07:00:00.000+02:00,80463
2076,2018-10-04T08:00:00.000+02:00,109121
2077,2018-10-04T09:00:00.000+02:00,135297
2078,2018-10-04T10:00:00.000+02:00,148356
2079,2018-10-04T11:00:00.000+02:00,147919
2080,2018-10-04T12:00:00.000+02:00,150737
2081,2018-10-04T13:00:00.000+02:00,158822
2082,2018-10-04T14:00:00.000+02:00,155196
2083,2018-10-04T15:00:00.000+02:00,165757
2084,2018-10-04T16:00:00.000+02:00,176924
2085,2018-10-04T17:00:00.000+02:00,168954
2086,2018-10-04T18:00:00.000+02:00,171000
2087,2018-10-04T19:00:00.000+02:00,156334
2088,2018-10-04T20:00:00.000+02:00,25780
2089,2018-10-04T21:00:00.000+02:00,246137
2090,2018-10-04T22:00:00.000+02:00,255596
2091,2018-10-04T23:00:00.000+02:00,193931
2092,2018-10-05T00:00:00.000+02:00,110069
2093,2018-10-05T01:00:00.000+02:00,60473
2094,2018-10-05T02:00:00.000+02:00,42197
2095,2018-10-05T03:00:00.000+02:00,39608
2096,2018-10-05T04:00:00.000+02:00,44275
2097,2018-10-05T05:00:00.000+02:00,55943
2098,2018-10-05T06:00:00.000+02:00,62717
2099,2018-10-05T07:00:00.000+02:00,79836
2100,2018-10-05T08:00:00.000+02:00,112941
2101,2018-10-05T09:00:00.000+02:00,132821
2102,2018-10-05T10:00:00.000+02:00,148064
2103,2018-10-05T11:00:00.000+02:00,148361
2104,2018-10-05T12:00:00.000+02:00,151711
2105,2018-10-05T13:00:00.000+02:00,152861
2106,2018-10-05T14:00:00.000+02:00,153591
2107,2018-10-05T15:00:00.000+02:00,163046
2108,2018-10-05T16:00:00.000+02:00,175870
2109,2018-10-05T17:00:00.000+02:00,203381
2110,2018-10-05T18:00:00.000+02:00,192826
2111,2018-10-05T19:00:00.000+02:00,185716
2112,2018-10-05T20:00:00.000+02:00,37375
2113,2018-10-05T21:00:00.000+02:00,329059
2114,2018-10-05T22:00:00.000+02:00,306929
2115,2018-10-05T23:00:00.000+02:00,242072
2116,2018-10-06T00:00:00.000+02:00,147049
2117,2018-10-06T01:00:00.000+02:00,88090
2118,2018-10-06T02:00:00.000+02:00,55094
2119,2018-10-06T03:00:00.000+02:00,50739
2120,2018-10-06T04:00:00.000+02:00,47740
2121,2018-10-06T05:00:00.000+02:00,52740
2122,2018-10-06T06:00:00.000+02:00,68987
2123,2018-10-06T07:00:00.000+02:00,107769
2124,2018-10-06T08:00:00.000+02:00,144529
2125,2018-10-06T09:00:00.000+02:00,166536
2126,2018-10-06T10:00:00.000+02:00,170128
2127,2018-10-06T11:00:00.000+02:00,163374
2128,2018-10-06T12:00:00.000+02:00,180992
2129,2018-10-06T13:00:00.000+02:00,182214
2130,2018-10-06T14:00:00.000+02:00,186524
2131,2018-10-06T15:00:00.000+02:00,210332
2132,2018-10-06T16:00:00.000+02:00,228712
2133,2018-10-06T17:00:00.000+02:00,232825
2134,2018-10-06T18:00:00.000+02:00,234083
2135,2018-10-06T19:00:00.000+02:00,214019
